:020000040800F2
:10000000000005243D5B0008115500081955000843
:10001000215500082955000831550008000000004E
:100020000000000000000000000000004111010875
:10003000395500080000000091130108F1EC000898
:10004000915B0008915B0008915B0008915B0008E0
:10005000915B0008915B0008915B0008915B0008D0
:10006000915B0008915B0008915B0008495500080E
:10007000915B0008915B0008915B0008915B0008B0
:10008000915B0008915B0008915B000885550008B2
:10009000915B0008915B0008915B0008915B000890
:1000A000915B0008915B0008915B0008915B000880
:1000B000915B0008915B0008915B0008915B000870
:1000C000915B0008915B0008915B0008915B000860
:1000D000915B0008915B0008915B00085D5500088A
:1000E000915B0008915B000800000000915B000834
:1000F000915B0008915B0008915B0008915B000830
:10010000915B0008915B0008915B0008915B00081F
:10011000915B0008915B000871550008915B000835
:10012000915B0008915B0008915B0008915B0008FF
:10013000915B0008915B0008915B0008915B0008EF
:1001400000000000000000000000000000000000AF
:10015000915B0008915B0008915B0008915B0008CF
:10016000915B0008915B0008915B0008915B0008BF
:10017000915B0008915B0008915B000800000000A3
:10018000915B0008915B0008915B0008915B00089F
:10019000915B0008915B0008915B0008915B00088F
:1001A000915B0008915B0008915B00080000000073
:1001B000915B0008915B0008915B0008915B00086F
:1001C000915B0008915B0008000000000000000047
:1001D0000000000000000000915B0008000000002B
:1001E000000000000000000000000000000000000F
:1001F0000000000000000000915B0008915B000817
:10020000915B0008915B000800000000915B000812
:10021000915B0008915B0008915B0008915B00080E
:10022000915B000800000000915B000800000000E6
:10023000915B0008915B000800000000915B0008E2
:10024000915B0008915B0008915B0008915B0008DE
:10025000915B0008915B0008915B0008915B0008CE
:10026000915B0008915B0008915B0008915B0008BE
:10027000915B0008915B0008915B000800000000A2
:10028000915B0008915B0008915B0008915B00089E
:1002900000000000915B0008915B00080000000076
:1002A00000000000915B0008915B0008915B000872
:1002B000915B0008915B0008915B0008915B00086E
:0C02C000915B0008915B0008915B000856
:1002D00010B5054C237833B9044B13B10448AFF380
:1002E00000800123237010BDB8010024000000002D
:1002F0004046010808B5034B1BB103490348AFF35F
:10030000008008BD00000000BC0100244046010838
:1003100010F8012B11F8013B012A28BF9A42F7D0AF
:10032000D01A7047034613F8012B002AFBD1181A84
:1003300001387047000000000000000000000000CD
:1003400001F0FF01102A2BDB10F0070F08D010F886
:10035000013B013A8B422DD010F0070F42B3F6D18A
:10036000F0B441EA012141EA014122F007047FF0A3
:1003700000070023F0E80256083C85EA010586EAFA
:10038000010685FA47F5A3FA87F586FA47F6A5FA36
:1003900087F68EB9EED1F0BC01F0FF0102F0070242
:1003A00032B110F8013B013A83EA010313B1F8D1ED
:1003B0000020704701387047002D06BF35460338CE
:1003C000073815F0010F07D1013015F4807F02BF07
:1003D000013015F4C03F0130F0BC0138704700BF58
:1003E00053B94AB9002908BF00281CBF4FF0FF319C
:1003F0004FF0FF3000F088B9ADF1080C6DE904CE84
:1004000000F006F8DDF804E0DDE9022304B07047EF
:100410002DE9F047089D8E4604468846002B4AD1B8
:100420008A42174662D9B2FA82F64EB1C6F120036B
:1004300001FA06F820FA03F3B74043EA0808B4408B
:100440004FEA174E1FFA87FCB8FBFEF1230C0EFB98
:10045000118843EA084301FB0CF29A4209D9FB18C0
:1004600001F1FF3080F0EA809A4240F2E7800239E1
:100470003B449A1AA3B2B2FBFEF00EFB102243EAF1
:10048000024300FB0CFC9C4509D9FB1800F1FF322C
:1004900080F0D6809C4540F2D3803B44023840EA4D
:1004A0000140A3EB0C0300211DB1F3400022C5E97C
:1004B0000032BDE8F0878B4205D90DB1C5E90001D6
:1004C00000210846F5E7B3FA83F1002946D17345C8
:1004D00002D3824200F20581841A6EEB03020120EE
:1004E0009046002DE5D0C5E90048E2E7002A00F07B
:1004F0009080B2FA82F6002E40F0A4808A1A030C93
:100500004FEA174E80B2BCB20121B2FBFEFC0EFBDB
:100510001C2243EA024304FB0CF29A4207D9FB185F
:100520000CF1FF3802D29A4200F2E080C4469B1AD6
:10053000B3FBFEF20EFB123340EA034302FB04F46A
:100540009C4207D9FB1802F1FF3002D29C4200F214
:10055000CA8002461B1B42EA0C40A5E7C1F12006F7
:100560008B4022FA06F71F430EFA01F420FA06F335
:100570002EFA06FE4FEA1749234300FA01F81FFA44
:1005800087FCBEFBF9F01C0C09FB10EE44EA0E449C
:1005900000FB0CFEA64502FA01F209D93C1900F154
:1005A000FF3A80F09C80A64540F2998002383C4496
:1005B000A4EB0E041FFA83FEB4FBF9F309FB13440A
:1005C0004EEA044403FB0CFCA44508D93C1903F192
:1005D000FF3E80F08280A4457FD9023B3C4443EA41
:1005E0000040A4EB0C04A0FB02EC64457346E1461A
:1005F00062D35FD05DB1B8EB030264EB090404FA87
:1006000006F622FA01F31E43CC40C5E9006400213E
:100610004FE7B1FBF2FC010C41EA0E4180B240EA27
:1006200001423B4638463C46B846BE462026B1FB12
:10063000F7F1A2EB080241EA0C4166E7014618E730
:1006400010462CE7C6F120022EFA02F3B740B14063
:1006500020FA02F24FEA174E0A43B3FBFEF8BCB28F
:100660000EFB1833110C41EA034108FB04F9B040BA
:1006700089454FEA104380B23ED9791808F1FF3C12
:1006800001D289451FD8A1EB0901B1FBFEF909FB95
:1006900004F80EFB191192B242EA0142424529D2F6
:1006A000BA1809F1FF31C4D24245C2D2A9F1020100
:1006B0003A44BEE7F0459DD2BEEB02036CEB070C5B
:1006C0000138E14696E7A7EB09094944A8F1020C75
:1006D000B1FBFEF909FB04F8DBE773467FE7504600
:1006E00066E70846FDE63B44023A33E7ACF1020C0C
:1006F0003B441CE749469CE7A1EB0901C446B1FB1A
:10070000FEF909FB04F8C4E7704700BF80B582B06A
:1007100000AF78600B46FB707B681B781846FB784F
:100720001A46796800F0D2FC00BF0837BD4680BD8C
:1007300080B586B000AF0346FB7107F108030022C5
:100740001A605A609A60DA60FB793B720A237B7206
:100750006D23BB726B23FB7207F10803042118465B
:10076000FFF7D4FF00BF1837BD4680BD80B588B005
:1007700000AF03460A46FB711346BB710023FB77AB
:1007800007F10C0300221A605A609A60DA60FB7F5E
:1007900020333B44FA7903F8142CFB7F0133FB77B9
:1007A000BB79102B00F2C48001A252F823F000BFE5
:1007B000F5070008090800081D08000831080008AE
:1007C00031090008450800083109000859080008E7
:1007D0006D0800088108000895080008A9080008AD
:1007E00031090008BD080008E50800080B090008E9
:1007F000D1080008FB7F20333B441F2203F8142C50
:10080000FB7F0133FB7794E0FB7F20333B442022C6
:1008100003F8142CFB7F0133FB778AE0FB7F203346
:100820003B44212203F8142CFB7F0133FB7780E04B
:10083000FB7F20333B44242203F8142CFB7F01333D
:10084000FB7776E0FB7F20333B44272203F8142C10
:10085000FB7F0133FB776CE0FB7F20333B4431228D
:1008600003F8142CFB7F0133FB7762E0FB7F20331E
:100870003B44332203F8142CFB7F0133FB7758E011
:10088000FB7F20333B44352203F8142CFB7F0133DC
:10089000FB774EE0FB7F20333B44362203F8142CD9
:1008A000FB7F0133FB7744E0FB7F20333B4437225F
:1008B00003F8142CFB7F0133FB773AE0FB7F2033F6
:1008C0003B443A2203F8142CFB7F0133FB7730E0E2
:1008D000FB7F20333B443B2203F8142CFB7F013386
:1008E000FB7726E0FB7F20333B44422203F8142CA5
:1008F000FB7F0133FB77FB7F20333B446C2203F803
:10090000142CFB7F0133FB7713E0FB7F20333B4448
:10091000432203F8142CFB7F0133FB77FB7F20334A
:100920003B447A2203F8142CFB7F0133FB7700E071
:1009300000BFFB7F20333B446B2203F8142CFB7F6A
:100940000133FB77FA7F07F10C0311461846FFF7D6
:10095000DDFE00BF2037BD4680BD00BF90B587B02B
:1009600000AF0446084611461A462346FB7103466B
:10097000BB710B46BB801346FB7007F108030022D6
:100980001A605A609A60DA60FB793B72F6237B72D8
:10099000BB79BB72BB881B0A9BB2DBB2FB72BB8804
:1009A000DBB23B73FB787B7397F82830BB736B2308
:1009B000FB7307F1080308211846FFF7A7FE00BFE5
:1009C0001C37BD4690BD90B587B000AF04460846C1
:1009D00011461A462346FB710346BB710B46BB808A
:1009E0001346FB7007F1080300221A605A609A60F0
:1009F000DA60FB793B72FD237B72BB79BB72BB88EB
:100A00001B0A9BB2DBB2FB72BB88DBB23B73FB7889
:100A10007B73BB6A1B0EDBB2BB73BB6A1B0CDBB206
:100A2000FB73BB6A1B0ADBB23B74BB6ADBB27B7431
:100A300097F82C30BB7497F83030FB746B233B7500
:100A400007F108030D211846FFF760FE00BF1C37B1
:100A5000BD4690BD80B586B000AF03460A46FB7127
:100A60001346BB7107F1080300221A605A609A60AE
:100A7000DA60FB793B72FE237B729823BB72BB79F1
:100A8000FB726B233B7307F1080305211846FFF740
:100A90003DFE00BF1837BD4680BD000080B582B066
:100AA00000AF0D4BD3F8D8300B4A43F00103C2F826
:100AB000D830094BD3F8D83003F001037B607B6852
:100AC000002205210B2005F09DF90B2005F0B4F95B
:100AD00000BF0837BD4680BD0044025880B500AF56
:100AE0002E4B2F4A1A602D4B00229A602B4B00226E
:100AF000DA602A4B00221A74284B00225A74274BC2
:100B000000229A74254B0B225A61244B04229A61CD
:100B1000224B1422DA61214B04221A621F4B01225C
:100B20005A621E4B01229A621C4B0122DA621B4B55
:100B300001221A63194B00225A63184B01229A634F
:100B4000164B0022DA63154B20221A64134B042241
:100B50005A64124B00229A64104B0422DA640F4B41
:100B600000221A650D4B04225A650C4B00229A652F
:100B70000A4B0022DA65094B00221A66074B002255
:100B80005A66064B04229A66044807F0FDFB0346AA
:100B9000002B01D000F044FA00BF80BD64020024A5
:100BA00000A0004080B5B8B000AF786007F1CC037A
:100BB00000221A605A609A60DA601A6107F1100325
:100BC000B8220021184610F0BFFF7B681B682A4A34
:100BD00093424DD14FF400424FF00003C7E9042384
:100BE0004FF08053FB6707F1100318460AF050F8E6
:100BF0000346002B01D000F013FA204BD3F8EC3061
:100C00001E4A43F48073C2F8EC301C4BD3F8EC302E
:100C100003F48073FB60FB68184BD3F8E030174A8D
:100C200043F00803C2F8E030144BD3F8E03003F08F
:100C30000803BB60BB680323C7F8CC300223C7F8A6
:100C4000D0300023C7F8D4300023C7F8D8300923A8
:100C5000C7F8DC3007F1CC031946094808F074FDE9
:100C600000220521132005F0CDF8132005F0E4F84B
:100C700000BFE037BD4680BD00A0004000440258E0
:100C8000000C025880B582B000AF786039603B68D4
:100C900003F00103002B0CD0084B094A402178686F
:100CA00007F04CFE0346002B03D1054B012283F8CD
:100CB0008C2000BF0837BD4680BD00BFFC0100246A
:100CC000D401002480B500AF044A002104480EF08E
:100CD00073F80346034A136000BF80BDC44D01088A
:100CE000E90C00080403002480B582B000AF7860EE
:100CF00001F05CFE01200EF0F1F8FBE780B485B056
:100D000000AF194BD3F8E030174A43F08003C2F824
:100D1000E030154BD3F8E03003F08003FB60FB6854
:100D2000114BD3F8E030104A43F00203C2F8E03030
:100D30000D4BD3F8E03003F00203BB60BB680A4BF5
:100D4000D3F8E030084A43F00103C2F8E030064B24
:100D5000D3F8E03003F001037B607B6800BF1437F9
:100D6000BD465DF8047B70470044025880B58CB0E6
:100D700000AF00F017F904F00DFF504B5B6903F46E
:100D80000033002B1BD1BFF34F8F00BFBFF36F8F1A
:100D900000BF4A4B0022C3F85022BFF34F8F00BF61
:100DA000BFF36F8F00BF454B5B69444A43F4003388
:100DB0005361BFF34F8F00BFBFF36F8F00E000BFE1
:100DC0003E4B5B6903F48033002B38D13B4B002250
:100DD000C3F88420BFF34F8F00BF384BD3F8803067
:100DE000FB62FB6A5B0BC3F30E03BB62FB6ADB08AF
:100DF000C3F309037B62BB6A5A0143F6E0731340F5
:100E00007A6A92072D491343C1F860327B6A5A1EF1
:100E10007A62002BEFD1BB6A5A1EBA62002BE5D171
:100E2000BFF34F8F00BF254B5B69244A43F48033E7
:100E30005361BFF34F8F00BFBFF36F8F00E000BF60
:100E400000F040F8FFF75AFFFFF728FE04F082FC9D
:100E500004F0CCFCFFF742FE00F0E8F800237B60D2
:100E60000023BB600223FB6001233B6100237B6105
:100E70000023BB613B1D1946114807F063FC034684
:100E8000002B01D000F0CCF80D4807F0D1FC034650
:100E9000002B01D000F0C4F800220121084807F01F
:100EA000CBFE0346002B01D000F0BAF80DF03AFF5C
:100EB000FFF708FF0DF05AFF00BFFDE700ED00E06F
:100EC0006402002480B59CB000AF07F124034C22DB
:100ED0000021184610F038FE3B1D20220021184644
:100EE00010F032FE022008F0F1FE00233B602C4B94
:100EF0009B692B4A23F440439361294B9B6903F47C
:100F000040433B603B6800BF254B9B6903F40053A3
:100F1000B3F5005FF8D121237B624FF48033BB62CD
:100F20000123FB630223BB640223FB6402233B65B2
:100F30002C237B650123BB650423FB6502233B66F1
:100F40000C237B660023BB660023FB6607F12403AA
:100F5000184608F0F5FE0346002B01D000F060F8BB
:100F60003F237B600323BB600023FB6008233B61BE
:100F700040237B614023BB614FF48063FB614023CE
:100F80003B623B1D0321184609F0B4FA0346002BCF
:100F900001D000F045F800BF7037BD4680BD00BFEE
:100FA0000048025880B584B000AF3B4600221A606A
:100FB0005A609A60DA6004F04DFF01233B70002311
:100FC0007B7000237B601F233B7287237B7200238F
:100FD000BB720023FB7201233B7301237B7300234D
:100FE000BB730023FB733B46184604F06BFF0420E1
:100FF00004F048FF00BF1037BD4680BD80B582B009
:1010000000AF78607B681B68044A934201D104F00A
:10101000FDFD00BF0837BD4680BD00BF0010004089
:1010200080B400AF72B600BF00BFFDE780B500AF6F
:10103000074B084A1A60064B00225A6004480BF01E
:10104000E9FB0346002B01D0FFF7EAFF00BF80BD9C
:10105000080300240018024880B5B2B000AF7860E1
:1010600007F11003B8220021184610F06DFD7B68CF
:101070001B68144A934221D14FF400324FF0000311
:10108000C7E904230023C7F88C3007F11003184682
:1010900009F0FEFD0346002B01D0FFF7C1FF0A4B0C
:1010A000D3F8DC30084A43F04003C2F8DC30064B8A
:1010B000D3F8DC3003F04003FB60FB6800BFC837A7
:1010C000BD4680BD001802480044025880B58EB06D
:1010D00000AFF860B9601346FB71FB687B610023C9
:1010E000BB610023FB61FB79082B02D8FB791B0451
:1010F00000E008233B62FB79072B2BD801A252F8B2
:1011000023F000BF251100082B1100083111000841
:10111000371100083D11000843110008491100086B
:101120004F11000800233B6217E001233B6214E0EB
:1011300002233B6211E003233B620EE004233B6287
:101140000BE005233B6208E006233B6205E0072332
:101150003B6202E008233B6200BF00237B62002366
:10116000BB620023FB6200233B6300237B630A48CE
:1011700007F050FD0346002B08D007F11403BA68AE
:101180001946054807F07FFB034600E00223184696
:101190003837BD4680BD00BF6402002480B582B0F0
:1011A00000AF0346FB71C8200EF090FE10F094F8DB
:1011B000FB790B4A2C2101FB03F3134470331A68AB
:1011C000FB7922F0020206492C2000FB03F30B44BA
:1011D00070331A6010F0B2F800BF0837BD4680BD0A
:1011E0001C03002490B58DB002AFF86087ED020AB1
:1011F0000B46FB71FB68052B01D901236DE004F060
:1012000019FD03467B62FB682C2202FB03F350337B
:10121000344A13443B62D7ED027AF5EEC07AF1EE20
:1012200010FA02DD3B6A1B7906E03B6A1B79002B52
:101230000CBF01230023DBB2FB773B6A1B6A23F060
:1012400001023B6A1A62FB680133BB613B6ABA6800
:101250005A62D7ED027A9FED247A27EE877A3B6AAD
:10126000D3ED027A27EE277ADFED206AC7EE267AE1
:10127000F0EEE77AFCEEE77A17EE903AFB820EF09A
:10128000CBFE1B4B002283F88C201AE004F0D2FC2A
:1012900002467B6AD31A0A2B07D9F968154804F06D
:1012A000E3FB0EF0C7FE012317E0BB69D8B2FB7960
:1012B000FA8AF97F00240094FFF750FB012004F024
:1012C000C5FC0B4B93F88C30DBB283F00103DBB22F
:1012D000002BDBD10EF0AEFE002318462C37BD46A6
:1012E00090BD00BF1C030024000016440000B4435E
:1012F000D40100246446010890B593B006AF78612C
:1013000087ED030AC7ED020A7A601A460B46FB74A2
:101310001346BB747B69052B04D98F4804F0A4FBEA
:1013200001230EE1D7ED027AF5EEC07AF1EE10FA64
:1013300004D58A4804F098FB012302E14FF0000332
:10134000FB627B692C2202FB03F35033844A134473
:101350007B62BB7C002B6FD07B6AD3ED007A97ED6C
:10136000037A77EE677AC7ED0B7AD7ED0B7AF0EE5A
:10137000E77A9FED7C7AF4EEC77AF1EE10FA01D5A8
:101380000023DEE097F91330012B02D17B6A1B7931
:1013900006E07B6A1B79002B0CBF01230023DBB224
:1013A00087F82B30D7ED0B7AF5EEC07AF1EE10FA14
:1013B0000FD597F91330B3F1FF3F0AD0D7ED0B7A71
:1013C000F0EEE77A9FED687A77EE677AC7ED0B7AF1
:1013D00014E0D7ED0B7AF5EEC07AF1EE10FA0DDDE0
:1013E00097F91330012B09D0D7ED0B7AF0EEE77A9D
:1013F0009FED5D7A77EE677AC7ED0B7A7B6AD3ED66
:10140000007AB7EEE75AD7ED037AB7EEE77AD7ED71
:101410000B6AB7EEE66A97F9133004938DED026B11
:101420008DED007B53EC152B7969504804F046FB99
:101430007B6AFA681A6034E0FB68FB627B6A93EDB2
:10144000007A97F91330012B04D0D7ED037AF1EE2F
:10145000677A01E0D7ED037A77EE877A7B6AC3ED8E
:10146000007A97F91330012B02D17B6A1B7906E0D1
:101470007B6A1B79002B0CBF01230023DBB287F8AA
:101480002B30D7ED0B7AF5EEC07AF1EE10FA08D5D5
:1014900097F82B30002B0CBF01230023DBB287F819
:1014A0002B307B6A93ED027AD7ED0B7A67EE277AC1
:1014B0009FED2F7A27EE877ADFED2B6AC7EE267A2B
:1014C000B7EEE77AB0EE470B12F0CAF8B0EE407B09
:1014D000B0EEC77BFCEEC77B17EE903A3B62D7EDD0
:1014E000027A9FED247A27EE877A7B6AD3ED027A1F
:1014F00067EE277AB7EEE76A9FED155B86EE057B10
:10150000B0EEC77BFCEEC77B17EE903AFB837B699E
:101510000133BB617B6A1B6A23F004027B6A1A6297
:10152000BB69D8B27B68DCB2FA8B97F82B1000232A
:101530000293002301933B6A00932346FFF743FA8B
:10154000002318463437BD4690BD00BFAFF300807E
:1015500000000000008076407C4601089C4601089F
:101560001C030024CDCCCC3D0000B443B846010898
:10157000000048450000164480B588B000AF03461F
:10158000FB71FB791C4A2C2101FB03F313445C33F0
:101590001A68FB7918492C2000FB03F30B446033D5
:1015A0001B881946104608F077FA07F10C03002251
:1015B0001A605A609A60DA601A61FB790E4A2C212F
:1015C00001FB03F3134460331B88FB6000233B6182
:1015D00001237B61FB79084A2C2101FB03F31344AF
:1015E0005C331B6807F10C021146184608F0ACF892
:1015F00000BF2037BD4680BD1C03002480B588B0E5
:1016000000AF0346FB71FB791D4A2C2101FB03F35C
:1016100013445C331A68FB7919492C2000FB03F34F
:101620000B4460331B881946104608F035FA07F161
:101630000C0300221A605A609A60DA601A61FB7922
:101640000F4A2C2101FB03F3134460331B88FB601A
:101650004FF444133B6101237B61FB79084A2C2141
:1016600001FB03F313445C331B6807F10C021146C2
:10167000184608F069F800BF2037BD4680BD00BF9E
:101680001C03002480B584B000AF0346FB71FB79D6
:101690000C4A2C2101FB03F313445C331A68FB79D9
:1016A00008492C2000FB03F30B4460331B881946C8
:1016B000104608F0F3FA0346FB73FB7B184610371D
:1016C000BD4680BD1C03002480B584B000AF034636
:1016D000FB71FB79264A2C2101FB03F313446C3385
:1016E00093F90030FB60FB791846FFF745FFFB7963
:1016F0001846FFF7C7FF0346FB72FB791846FFF752
:101700007DFFFB7A012B0BD1FB791946194804F0B8
:10171000ABF9FB790133DBB21846FFF709F823E098
:10172000F879FB6859B200236422F2EE040A9FEDB7
:10173000120AFFF7E1FD02E0C8200EF0C7FBFB79BB
:101740000B4A2C2101FB03F3134470331B6803F095
:101750000203002BF0D005200EF0B8FBFB7901331B
:10176000DBB21846FEF7E4FF1037BD4680BD00BF70
:101770001C030024E44601080000B44380B582B095
:1017800000AF04237B601CE0264A7B682C2101FB10
:1017900003F3134470331B6843F0010221497B6853
:1017A0002C2000FB03F30B4470331A607B68DBB220
:1017B0001846FFF789FF64200EF088FB7B68013B29
:1017C0007B607B68002BDFDA00233B6011E0164A68
:1017D0003B682C2101FB03F313441A6811493B6851
:1017E0002C2000FB03F30B4450331A603B68013399
:1017F0003B603B68052BEADD0A4B4FF00002C3F863
:101800006421084B4FF00002C3F86821054B4FF0EC
:101810000002C3F86C2101F015FA00BF0837BD467D
:1018200080BD00BF1C0300240000002480B487B0EA
:1018300000AF87ED030AC7ED020A87ED011A386091
:101840003B68002B01D1012382E0FB687B6197EDAF
:10185000037AD7ED027A77EE677AF0EEE77A9FEDBA
:101860003F7AF4EEC77AF1EE10FA02D5BB687B61DD
:1018700010E097ED037AD7ED017A77EE677AF0EE14
:10188000E77A9FED367AF4EEC77AF1EE10FA01D5D9
:101890007B687B6197ED037AD7ED027AB4EEE77A45
:1018A000F1EE10FA08D5D7ED057A9FED2D7A77EE97
:1018B000877AC7ED057A10E097ED037AD7ED017AC4
:1018C000B4EEE77AF1EE10FA07DDD7ED057A9FED79
:1018D000247A77EEC77AC7ED057A97ED057AD7EDCA
:1018E000027A77EE677AF0EEE77A9FED1C7AF4EEF3
:1018F000C77AF1EE10FA02D5BB687B6110E097ED74
:10190000057AD7ED017A77EE677AF0EEE77A9FED08
:10191000137AF4EEC77AF1EE10FA01D57B687B6199
:1019200097ED057AD7ED027AB4EEE77AF1EE10FA88
:1019300008D497ED057AD7ED017AB4EEE77AF1EEA7
:1019400010FA01DD012303E03B687A691A60002385
:1019500018461C37BD465DF8047B7047CDCCCC3DA6
:101960000000B44390B589B004AF4FF000033B6072
:1019700000237B600523FB60E4E07E4AFB682C21AA
:1019800001FB03F3134470331B6843F001027949F0
:10199000FB682C2000FB03F30B4470331A60012317
:1019A000BB60FB68DBB2184601F06AFA714AFB685B
:1019B0002C2101FB03F313445033D3ED007A6E4A1C
:1019C000FB682C2101FB03F31344143393ED007ADD
:1019D000694AFB682C2101FB03F313441833D3ED50
:1019E000006A3B461846B0EE661AF0EE470AB0EEC3
:1019F000670AFFF71BFF78607B68002B11D05D4AF8
:101A0000FB682C2101FB03F313445033D3ED007A20
:101A1000B7EEE77A53EC172BF968584804F024F82E
:101A2000A5E0554AFB682C2101FB03F3134493ED19
:101A3000007AD7ED007AB4EEE77AF1EE10FA02D52B
:101A40004FF0FF33BB604C4AFB682C2101FB03F3D2
:101A500013441433D3ED007AF5EE407AF1EE10FA28
:101A600027D1454AFB682C2101FB03F313441833AB
:101A7000D3ED007A9FED427AF4EE477AF1EE10FA58
:101A800017D197ED007A3C4AFB682C2101FB03F348
:101A90001344D3ED007A77EE677AF0EEE77A9FEDA4
:101AA000397AF4EEC77AF1EE10FA02DDBB685B42D8
:101AB000BB60D7ED007AB7EEE76A2F4AFB682C21AE
:101AC00001FB03F31344D3ED007AB7EEE77ABB686A
:101AD00002938DED007B53EC162BF9682A4803F036
:101AE000EDFF3A682349FB682C2000FB03F30B440D
:101AF00050331A60F868BB6859B21F4AFB682C243F
:101B000004FB03F31344D3ED007A01236422F2EEC5
:101B1000040AB0EE670AFFF7EFFB64200EF0D6F977
:101B2000154AFB682C2101FB03F313441A68114981
:101B3000FB682C2000FB03F30B4450331A60FB6856
:101B4000013BFB60FB68002BBFF617AF094B4FF062
:101B50000002C3F86421074B4FF00002C3F868216C
:101B6000044B4FF00002C3F86C2101F06BF81437FE
:101B7000BD4690BD1C030024000000240C47010852
:101B80000000B443000034434447010880B58AB0E4
:101B900000AF7860396000233B6207F10C0300223C
:101BA0001A605A609A600023FB61324B1B68002B5D
:101BB00004D1314803F058FF002357E07B682F4AD7
:101BC000A2FB03235B093B623A6A13465B001344A2
:101BD0009B0018460FF090FE0346BB61BB69002BCB
:101BE00001D1002342E000237B6237E0214B1B68D8
:101BF0007A6A642101FB02F2104607F10C021146D9
:101C00009847F861FB69002B07D01D4803F02CFFB3
:101C1000B8690FF079FE002328E07A6A13465B006A
:101C200013449B001A46BB691344FA681A607A6A27
:101C300013465B0013449B001A46BB6913443A6980
:101C40005A607A6A13465B0013449B001A46BB69CC
:101C500013447A699A607B6A01337B627A6A3B6AD1
:101C60009A42C3DB3B683A6A1A60BB691846283758
:101C7000BD4680BD08010024704701081F85EB5157
:101C80008C47010880B58EB004AF78600023FB60FC
:101C900007F10C0319467868FFF778FFB861BB6954
:101CA000002B03D17C4803F0DFFEF2E0FB681A460C
:101CB00013465B001344DB0018460FF01DFE03467D
:101CC0007B617B69002B06D1744803F0CDFEB869B7
:101CD0000FF01AFEDDE000237B6211E07A6A7049A2
:101CE0007B6A2C2000FB03F30B445033D3ED007AC6
:101CF000B0EE670A104603F0C1FA7B6A01337B62DB
:101D00007B6A052BEADD00233B6286E03A6A1346D4
:101D10005B0013449B001A46BB6913441A46614991
:101D2000614803F037FB3A6A13465B001344DB005B
:101D30001A467B691344002219465A4803F0B8FA40
:101D400038613B69002B09D0584803F08DFEB86913
:101D50000FF0DAFD78690FF0D7FD9AE03A6A134682
:101D60005B001344DB001A467B691344184603F0FA
:101D700075FA3A6A13465B0013449B001A46BB6926
:101D80001344D3ED007AB7EEE75A3A6A13465B0084
:101D900013449B001A46BB691344D3ED017AB7EE96
:101DA000E77A3A6A13465B0013449B001A46BB6904
:101DB0001344D3ED026AB7EEE66A8DED026B8DED4A
:101DC000007B53EC152B396A394803F04DFE394836
:101DD00003F04AFE0023FB6116E03A6A13465B00FB
:101DE00013445B001A46FB6913449B007A69134451
:101DF000D3ED007AB7EEE77A53EC172B2E4803F0B9
:101E000033FEFB690133FB61FB69052BE5DD2B48E4
:101E100003F02AFE3B6A01333B62FB683A6A9A424E
:101E2000FFF674AFFB687A691946B86900F0C2F929
:101E300038613B69002B26D1FB681A4613465B00CC
:101E400013449B000C3BBA6913441B68144AC2F844
:101E50006431FB681A4613465B0013449B000C3B3D
:101E6000BA6913445B680E4AC2F86831FB681A46C7
:101E700013465B0013449B000C3BBA6913449B68F8
:101E8000074AC2F86C31B8690FF03EFD78690FF06F
:101E90003BFD2837BD4680BD8C470108A44701089B
:101EA0001C0300242C030024484E0108BC470108F1
:101EB000E0470108F8470108044801080C480108F8
:101EC00080B58EB004AF78600023BB607B680433BC
:101ED000BB6107F108031946B86900F0E9FE7861B3
:101EE0007B69002B03D1714803F0BEFDDAE0BB68CB
:101EF0001A4613465B001344DB0018460FF0FCFC47
:101F000003463B613B69002B06D1694803F0ACFDF9
:101F100078690FF0F9FCC5E000237B6211E07A6A72
:101F200064497B6A2C2000FB03F30B445033D3ED50
:101F3000007AB0EE670A104603F0A0F97B6A01331D
:101F40007B627B6A052BEADD00233B6286E03A6A0E
:101F500013465B0013449B001A467B6913441A46E0
:101F60005549564803F016FA3A6A13465B00134483
:101F7000DB001A463B691344002219464E4803F021
:101F800097F9F860FB68002B09D04D4803F06CFD11
:101F900078690FF0B9FC38690FF0B6FC82E03A6A54
:101FA00013465B001344DB001A463B691344184692
:101FB00003F054F93A6A13465B0013449B001A4637
:101FC0007B691344D3ED007AB7EEE75A3A6A1346B9
:101FD0005B0013449B001A467B691344D3ED017ADE
:101FE000B7EEE77A3A6A13465B0013449B001A4641
:101FF0007B691344D3ED026AB7EEE66A8DED026B9E
:102000008DED007B53EC152B396A2E4803F02CFD27
:102010002D4803F029FD0023FB6116E03A6A1346C0
:102020005B0013445B001A46FB6913449B003A694A
:102030001344D3ED007AB7EEE77A53EC172B23481D
:1020400003F012FDFB690133FB61FB69052BE5DD44
:102050001F4803F009FD3B6A01333B62BB683A6AE3
:102060009A42FFF674AFBB683A691946786900F086
:10207000A1F8F860FB68002B0ED1BB691B680D4A04
:10208000C2F86431BB695B680A4AC2F86831BB694F
:102090009B68084AC2F86C3178690FF035FC3869E2
:1020A0000FF032FC2837BD4680BD00BF1048010844
:1020B000A44701081C0300242C030024484E0108F7
:1020C000BC470108E0470108F84701080448010837
:1020D0000C48010880B483B000AF87ED010AD7ED4A
:1020E000017A9FED127AF4EEC77AF1EE10FA06DB70
:1020F000D7ED017A9FED0D7A77EEC77A0FE0D7ED35
:10210000017AF5EEC07AF1EE10FA06D5D7ED017A34
:102110009FED067A77EE877A01E0D7ED017AB0EE8F
:10212000670A0C37BD465DF8047B70470000B44376
:1021300080B485B000AF87ED010AC7ED000A97EDC6
:10214000007AD7ED017A77EE677AC7ED037AD7ED9B
:10215000037A9FED157AF4EEC77AF1EE10FA08DDF6
:10216000D7ED037A9FED117A77EEC77AC7ED037A40
:1021700010E0D7ED037A9FED0E7AF4EEC77AF1EE18
:1021800010FA07D5D7ED037A9FED087A77EE877AB4
:10219000C7ED037AFB6807EE903AB0EE670A143792
:1021A000BD465DF8047B7047000034430000B44333
:1021B000000034C390B5A5B002AFF860B9607A6092
:1021C00000237B6700233B6707F1580300221A6056
:1021D0005A609A60DA601A615A6107F1400300227E
:1021E0001A605A609A60DA601A615A6107F128032E
:1021F00000221A605A609A60DA601A615A6107F127
:10220000100300221A605A609A60DA601A615A61FB
:1022100003F010FD03467B670123C7F8843058E0C4
:10222000D7F88430642202FB03F37A6F13443B67D0
:102230000023C7F880302EE0D7F8842013465B00D7
:1022400013445B001A46D7F8803013449B007A6829
:102250001344D3ED007AB0EE670AFFF73BFFF0EED0
:10226000407AD7F880309B0088333B44303BC3ED45
:10227000007AD7F880309B0088333B44303B1A68A3
:102280003349D7F880309B000B441A60D7F8803070
:102290000133C7F88030D7F88030052BCCDD0BE058
:1022A00007F1100307F1400207F1280107F1580078
:1022B0000624009400F058F903F0BCFC02463B6F82
:1022C0009A42EDD300F0BEFCD7F884300133C7F852
:1022D0008430D7F88420BB689A42A1DB0023FB67D7
:1022E0000AE0FB6FDBB2184600F092FE05200DF00D
:1022F000EDFDFB6F0133FB67FB6F052BF1DD002369
:10230000BB6719E0BB6F591CBB6F9B0088333B4414
:10231000783BD3ED006ABB6807EE903AB8EEE77AF7
:10232000C6EE877AB7EEE77A53EC172B094803F02D
:102330009BFBBB6F0133BB67BB6F052BE2DD064820
:1023400003F092FB002318468C37BD4690BD00BFBA
:10235000C8040024344801085048010880B584B0FE
:1023600000AF78600023FB6021E0F8687A68FB68C2
:102370009B0013440433D3ED007A0123C822F2EE0C
:10238000040AB0EE670A0121FEF7B6FF7A68FB681F
:102390009B00134404331A680949FB682C2000FB96
:1023A00003F30B4450331A60FB680133FB60FB6896
:1023B000052BDADD00BF00BF1037BD4680BD00BF72
:1023C0001C03002480B58AB000AF7860594803F040
:1023D0004BFB07F10C0300221A605A609A60DA6026
:1023E0001A615A619A6192E03B7B092B00F28C8062
:1023F00001A252F823F000BF212400085324000852
:102400008524000899240008AB240008C324000890
:10241000CF240008DB240008EB240008F724000880
:102420007B7B1946D7ED047AB7EEE77A53EC172B8E
:10243000414803F019FB7B7B1846D7ED047A002353
:10244000C822F2EE040AB0EE670A0121FEF754FF3B
:102450005DE07B7B1946D7ED047AB7EEE77A53EC63
:10246000172B364803F000FB7B7B1846D7ED047A28
:102470000123C822F2EE040AB0EE670A0121FEF73A
:102480003BFF44E07B7B19462D4803F0EDFA7B7B54
:102490001846FEF783FE3AE02A4803F0E5FA07F112
:1024A0000C031846FFF70CFD31E0274803F0DCFA77
:1024B000D7ED047AFCEEE77A17EE900AFFF7E2FB1D
:1024C00025E0224803F0D0FAFFF758F91FE0204832
:1024D00003F0CAFAFFF746FA19E01E4803F0C4FAFF
:1024E0007B7B184600F0CCFC11E01B4803F0BCFAE3
:1024F00000F0ECF80BE0194803F0B6FA07F10C0312
:102500001846FFF72BFF02E0154803F0ADFA154B14
:10251000D3F85C3107F10C014FF0FF3218460DF093
:10252000C7F80346012B3FF45FAF00BF00BF283759
:10253000BD4680BD6C4801088C480108B8480108B8
:10254000E448010810490108244901083C490108F0
:10255000544901086C490108804901089C49010857
:10256000B84901081C03002480B58AB000AFF860A8
:10257000B9607A603B604FF000033B6203F05AFBA6
:1025800003461433FB6100237B6281E07B6ADBB28C
:10259000184600F075FC494A7B6A2C2101FB03F3C5
:1025A000134450331A6846497B6A9B000B441A60F7
:1025B000424A7B6A2C2101FB03F313445033D3EDD1
:1025C000007A7B6A9B00FA68134493ED007AF0EE80
:1025D000470AB0EE670AFFF7ABFD87ED080A7B6A92
:1025E0009B00BA68134493ED007A7B6A9B00BA683B
:1025F0001344D7ED087A77EE277AC3ED007A3B686B
:10260000002B11D07B6A9B003A68134493ED007A4B
:10261000D7ED087AF0EEE77A7B6A9B003A681344BC
:1026200077EE277AC3ED007AD7ED087AB2EE047A16
:1026300027EE877A7B6A9B00BA681344D3ED007A51
:10264000DFED206A67EEA67A37EE277A7B6A9B0079
:102650007A681344D3ED007AD7ED086A76EEE77A0C
:10266000DFED196A67EEA67A77EE277AC7ED057A6D
:102670007B6A9B007A6813443A6A1A607B6AC821B5
:1026800097ED050A1846FEF7ADFD7B6A01337B62C4
:102690007A6A3B6B9A42FFF679AF03F0CBFAB861E6
:1026A000BA69FB699A4205D2FA69BB69D31A18461E
:1026B0000DF00CFC00BF2837BD4680BD1C03002474
:1026C000E00400246F12033B000000002DE9B04F2E
:1026D000AEB002AF4FF000024FF00003C7E92A236B
:1026E00007F17C0300221A605A609A60DA601A616E
:1026F0005A6107F1640300221A605A609A60DA6036
:102700001A615A6107F14C0300221A605A609A60FC
:10271000DA601A615A6107F1400300221A605A60B8
:102720009A603B464022002118460FF00DFA002324
:10273000C7F8A430914803F097F940F6B8300DF08F
:10274000C5FB8F4803F090F903F074FA03460022AA
:102750009A469346C7E92AABE8E0D7E92A2312F163
:10276000320843F10009C7E92A89864B93ED597A6B
:10277000854BD3ED007ADFED856A67EEA66A9FEDA3
:10278000846AC6EE867A77EE277A824BC3ED007AAA
:102790007C4B93ED5A7A7C4BD3ED017ADFED7B6A6B
:1027A00067EEA66A9FED7A6AC6EE867A77EE277A9A
:1027B000784BC3ED017A734B93ED5B7A724BD3ED9B
:1027C000027ADFED726A67EEA66A9FED716AC6EE65
:1027D000867A77EE277A6F4BC3ED027A3B466D4AD5
:1027E00019466D4802F0D6FD3B4600226B4918465B
:1027F00002F05EFDC7F89400D7F89430002B25DA7C
:10280000D7F8A4300133C7F8A430D7F8A430092B87
:1028100005DD634803F028F90023C7F8A43000233E
:10282000C7F8A0300DE0D7F8A030DBB2184600F0B2
:10283000EFFB05200DF04AFBD7F8A0300133C7F8B5
:10284000A030D7F8A030052BEDDD6FE00023C7F8EE
:10285000A430524802F002FD4E4B1B68494AC2F8B0
:1028600064314C4B5B68474AC2F86831494B9B68FE
:10287000444AC2F86C31444BD3ED037AC821B0EE20
:10288000670A0420FEF7AEFC3F4BD3ED047AC82163
:10289000B0EE670A0520FEF7A5FC0023C7F89C30C0
:1028A00028E0394AD7F89C3004339B0013440433A2
:1028B000D3ED007AB0EE670AFFF70CFCF0EE407A39
:1028C000D7F89C309B00B0333B44343BC3ED007AD7
:1028D000D7F89C309B00B0333B44343B1A683149F5
:1028E000D7F89C309B000B441A60D7F89C3001331A
:1028F000C7F89C30D7F89C30052BD2DD0AE007F1F1
:10290000640207F14C0107F17C00042300930023CB
:10291000FFF72AFE03F08EF9034600221C461546F7
:10292000D7E92A23944275EB0303E8D3154BD3F878
:10293000583103F00803002B7FF40FAF0023C7F8D2
:1029400098300DE0D7F89830DBB2184600F060FB05
:1029500005200DF0BBFAD7F898300133C7F898304E
:10296000D7F89830052BEDDD0F4803F07DF80023F4
:102970001846B037BD46BDE8B08F00BFD04901084A
:10298000E84901081C030024980400240000484280
:1029900000007A44F8040024484E0108AC040024E6
:1029A000BC470108C8040024044A0108B0B58AB035
:1029B00000AF3A4B3A4A503311464FF484721846EE
:1029C0000FF064F9354B374A03F1100415460FCD6B
:1029D0000FC40FCD0FC40FCD0FC495E80F0084E8CE
:1029E0000F0000221C2114200CF063FC03462B4A2C
:1029F000C2F85C31294BD3F85C31002B03D12A4853
:102A000003F032F847E00022812132200CF051FC23
:102A10000346224AC2F86031204BD3F86031002BC4
:102A200003D1224803F020F835E03B1D2422002189
:102A300018460FF089F81E4B7B604FF48053BB6142
:102A40003323FB613B1D1A4600211A480CF0B4F9F0
:102A50000346124A1360114B1B68002B03D1164822
:102A600003F002F817E0154B7B604FF40063BB6185
:102A70003223FB613B1D1A46002111480CF09CF9E2
:102A80000346064A5360054B5B68002B03D10D4893
:102A900002F0EAFF00BF2837BD46B0BD1C0300248A
:102AA00000000024484E0108204A0108444A010859
:102AB000644A0108C5230008784A01089C4A0108B5
:102AC000552C0008B04A010880B58AB000AF034613
:102AD00087ED000AFB7107F10C0300221A605A60AF
:102AE0009A60DA601A615A619A6100233B73FB793C
:102AF0007B733B683B61074BD3F85C0107F10C012A
:102B0000002364220CF034FC034618462837BD46E7
:102B100080BD00BF1C03002480B588B000AF3B1D02
:102B200000221A605A609A60DA601A615A619A61EA
:102B300008233B71064BD3F85C01391D0023642246
:102B40000CF016FC034618462037BD4680BD00BF7A
:102B50001C03002480B58AB000AF034687ED000A4D
:102B6000FB7107F10C0300221A605A609A60DA6068
:102B70001A615A619A6101233B73FB797B733B684D
:102B80003B61074BD3F85C0107F10C010023642281
:102B90000CF0EEFB034618462837BD4680BD00BF4B
:102BA0001C03002480B58AB000AF786007F10C03E5
:102BB00000221A605A609A60DA601A615A619A615A
:102BC00003233B7307F10C0304330C227968184686
:102BD0000FF05CF8064BD3F85C0107F10C01002301
:102BE00064220CF0C5FB034618462837BD4680BD5D
:102BF0001C03002480B58AB000AF0346FB7107F1C7
:102C00000C0300221A605A609A60DA601A615A61F5
:102C10009A61FB79002B02D005233B7301E0062368
:102C20003B73074BD3F85C0107F10C0100236422CE
:102C30000CF09EFB034618462837BD4680BD00BFFA
:102C40001C03002480B400AF00231846BD465DF885
:102C5000047B704780B5A2B000AF3B1D81220021EC
:102C600018460EF071FF0FE03B79002B02D0012BCC
:102C700005D009E03B1D184600F018FC04E03B1DA0
:102C8000184600F09DFA00BF084BD3F86031391D9B
:102C90004FF0FF3218460CF00BFD0346012BE3D03A
:102CA00000BF00BF8837BD4680BD00BF1C030024A5
:102CB00080B590B000AF786039607B6893ED007AA2
:102CC0006E4BD3ED597A77EE677AC7ED0E7A7B6853
:102CD00093ED017A694BD3ED5A7A77EE677AC7EDB7
:102CE0000D7A7B6893ED027A644BD3ED5B7A77EED5
:102CF000677AC7ED0C7AD7ED0E7A27EEA77AD7ED73
:102D00000D7A67EEA77A37EE277AD7ED0C7A67EE61
:102D1000A77A77EE277AB7EEE77AB0EE470B0FF097
:102D2000E7FF87ED0A0B97ED0A0B10F025FCB0EEDC
:102D3000407BFDEEC77B17EE903A01337B623B6828
:102D40007A6A1A607A6A13465B0013449B0018463D
:102D50000EF0D2FD03463B623B6A002B01D10023FB
:102D600088E07B6A013B07EE903AB8EEE77AD7ED50
:102D70000E6AC6EE877AB7EEE77A87ED067B7B6A46
:102D8000013B07EE903AB8EEE77AD7ED0D6AC6EE52
:102D9000877AB7EEE77A87ED047B7B6A013B07EE23
:102DA000903AB8EEE77AD7ED0C6AC6EE877AB7EEBE
:102DB000E77A87ED027B0023FB6356E02F4BD3EDD0
:102DC000597AB7EEE76AFB6B07EE903AB8EEE75B2D
:102DD00097ED067B25EE077B36EE077BFA6B1346F5
:102DE0005B0013449B001A463B6A1344F7EEC77B13
:102DF000C3ED007A214BD3ED5A7AB7EEE76AFB6B4D
:102E000007EE903AB8EEE75B97ED047B25EE077B83
:102E100036EE077BFA6B13465B0013449B001A46A1
:102E20003B6A1344F7EEC77BC3ED017A134BD3ED36
:102E30005B7AB7EEE76AFB6B07EE903AB8EEE75BBA
:102E400097ED027B25EE077B36EE077BFA6B134688
:102E50005B0013449B001A463B6A1344F7EEC77BA2
:102E6000C3ED027AFB6B0133FB63FA6B7B6A9A4218
:102E7000A4DB3B6A18464037BD4680BD1C030024D6
:102E800080B588B000AF0346FB71FB792C2202FBB2
:102E900003F35033584A13447B610DF0BDF8574B90
:102EA000002283F88C2002F0C5FE386119E002F0A0
:102EB000C1FE02463B69D31A0A2B08D9FB79194691
:102EC0004F4802F0D1FD0DF0B5F8012390E0FB79F9
:102ED0000133DBB20A211846FDF748FC012002F05D
:102EE000B5FE464B93F88C30DBB283F00103DBB2C6
:102EF000002BDCD10EF0F0F90DF09CF83F4B1B6875
:102F00001B0ADBB2013BFB733C4B93F82830DBB26E
:102F1000362B09D1394B93F82E30DBB26B2B03D112
:102F2000FA7BFB799A4203D00EF008FA01235FE0A6
:102F30004FF00003FB610523BB6119E02F4ABB6919
:102F4000134428331B78DBB21A46BB69C3F105036F
:102F5000DB0002FA03F307EE903AF8EE677A97ED9A
:102F6000077A77EE277AC7ED077ABB69013BBB6129
:102F7000BB69012BE2DC214B93F82930DBB2012B3A
:102F800005D1D7ED077AF1EE677AC7ED077A7B694D
:102F90001B79012B05D1D7ED077AF1EE677AC7EDE2
:102FA000077A0EF0CBF9D7ED077A9FED167A67EE28
:102FB000877A9FED157AC7EE876A7B69D3ED027A2F
:102FC00086EEA77AFB79114A2C2101FB03F3134407
:102FD000D3ED007A77EE277AC7ED077A97ED070AE7
:102FE000FFF778F8F0EE407A7B69C3ED007A0023B2
:102FF00018462037BD4680BD1C030024D4010024A0
:10300000044B01080000B443000080470000002486
:1030100080B584B000AF0346FB710CF0FDFF1D4B83
:10302000002283F88C2002F005FEF86018E002F020
:1030300001FE0246FB68D31A0A2B07D9FB79194611
:10304000154802F011FD0CF0F5FF1FE0FB7901338C
:10305000DBB200211846FDF7FDFC012002F0F6FD71
:103060000C4B93F88C30DBB283F00103DBB2002B06
:10307000DDD10CF0DFFFFB79084A2C2101FB03F3C3
:10308000134474334FF000021A6000BF1037BD467E
:1030900080BD00BFD40100242C4B01081C03002478
:1030A00080B52DED028B86B000AF78603960404B63
:1030B0007B61404B3B61404BFB607B68B3F57A7FA3
:1030C0001BD23B684FF000021A603B684FF00002D1
:1030D0009A60D7ED037AB1EE677A7B6807EE903A93
:1030E000F8EE677A27EE277ADFED346AC7EE267AA4
:1030F0003B68C3ED017A002354E03B684FF00002C7
:103100009A607B68A3F57A737B60D7ED047AB7EE9B
:10311000E78A7B6807EE903AB8EE677AD7ED057AD2
:1031200027EE277ADFED256AC7EE267AB7EEE77A33
:10313000B0EE470B0FF04CFFB0EE407B28EE077B64
:10314000F7EEC77B3B68C3ED007AD7ED047AB7EEA4
:10315000E78A7B6807EE903AB8EE677AD7ED057A92
:1031600027EE277ADFED156AC7EE267AB7EEE77A03
:10317000B0EE470B0FF0D8FEB0EE407B28EE076BA9
:10318000D7ED047AB7EEE77A36EE476BD7ED037AE0
:10319000B7EEE77A36EE477BF7EEC77B3B68C3EDC9
:1031A000017A002318461837BD46BDEC028B80BD5E
:1031B0007CD9203F0000F0410000204100007A440B
:1031C00080B592B006AF786007F1140300221A6050
:1031D0005A609A60DA601A615A6100233B610023E9
:1031E000FB607B6801331946244802F03DFC7B6894
:1031F000581C07F10C0107F1100207F114031433F6
:10320000059307F114031033049307F114030C33EF
:10321000039307F114030833029307F114030433F3
:10322000019307F1140300930B4615490EF022FC9D
:10323000F862FB6A072B1BDDFB68092B12D0092BF8
:1032400018DC012B02D0032B06D013E007F1140386
:10325000184600F061F80EE007F11403184600F07C
:1032600077F808E007F11403184600F071F802E05F
:1032700000BF00E000BF3037BD4680BD444B0108B1
:10328000584B010880B582B000AF7860786800F0D4
:1032900077F8074BD3F8583143F00803044AC2F8D3
:1032A0005831FFF739FC034618460837BD4680BD44
:1032B0001C03002480B582B000AF7860074BD3F8C0
:1032C000583123F00803054AC2F85831786800F0F5
:1032D00057F8012318460837BD4680BD1C0300245B
:1032E00080B584B000AF78607B68D3ED007AFCEEE7
:1032F000E77A17EE903AFB60FB68DAB27B6804333A
:10330000D3ED007AB0EE670A1046FFF7DDFB034607
:1033100018461037BD4680BD80B584B000AF7860D8
:103320007B68D3ED007AFCEEE77A17EE903AFB600B
:10333000FB68DAB27B680433D3ED007AB0EE670A3B
:103340001046FFF707FC034618461037BD4680BD00
:1033500080B582B000AF78607868FFF723FC034641
:1033600018460837BD4680BD80B582B000AF786092
:103370000120FFF73FFC034618460837BD4680BDD5
:1033800080B582B000AF78600020FFF733FC0346C1
:1033900018460837BD4680BD80B588B000AF78605C
:1033A0002F4BD3F8583103F00803002B01D1012330
:1033B00052E07B68D3ED007AF1EE677AB3EE047ADF
:1033C00067EE877AC7ED077A7B680433D3ED007A1E
:1033D000B3EE047A67EE877AC7ED067A7B6810331E
:1033E00093ED007A7B681433D3ED007A37EE677A79
:1033F000F0EE006AC7EE267AB3EE047A67EE877ABB
:10340000C7ED057A7B680C33D3ED007AF1EE677A6D
:10341000B1EE047A67EE877AC7ED047A7B680833E9
:10342000D3ED007AB1EE047A67EE877AC7ED037ABE
:103430000DF052FF0B4AFB6913600A4ABB695360E7
:10344000084A7B699360074A3B69D360054AFB6879
:1034500013610DF073FF012318462037BD4680BD70
:103460001C0300249804002480B584B000AF786069
:103470000D4802F0F9FA0023FB600CE0FB68DBB2B8
:103480000133DBB21846FDF753F90A200CF01EFD9C
:10349000FB680133FB60FB68052BEFDD0123184659
:1034A0001037BD4680BD00BF944B010880B592B077
:1034B00006AF786007F10C0300221A605A609A6028
:1034C000DA601A615A617B680133BB6207F10C0252
:1034D00007F10C031433049307F10C031033039327
:1034E00007F10C030C33029307F10C03083301932B
:1034F00007F10C03043300931346294A2949B86A9B
:103500000EF0B8FA78627B6A002B04DCB96A2648B0
:1035100002F0AAFA40E00023FB6231E0234AFB6A92
:1035200052F8333019461E48FCF7F2FE0346002BD2
:1035300023D11E4AFB6ADB0013445B6807F10C02CF
:103540001046984778627B6A012B24D0D7ED037A26
:10355000B7EEE75AD7ED047AB7EEE77AD7ED056A0A
:10356000B7EEE66A8DED026B8DED007B53EC152B0B
:103570000B490F4802F078FA0EE0FB6A0133FB6258
:103580000A4AFB6A52F83330002BC7D1B96A09489E
:1035900002F06AFA00E000BF3037BD4680BD00BFD0
:1035A000040500240C4C0108244C01080C010024E3
:1035B000404C0108784C010880B52DED048B94B087
:1035C00000AFF14BDB687B64EF4BDB693B64EE4B98
:1035D000DB6AFB63ED4BD3ED087A37EEA77AEB4B52
:1035E000D3ED0E7A67EE277AC7ED0E7AE74BD3ED6F
:1035F000087AB7EEE77AB0EE001BB0EE470B0FF09B
:1036000067FDB0EE407B37EE077BF7EEC77BC7ED7B
:103610000D7ADE4BD3ED0C7AB7EEE77AB0EE001BF5
:10362000B0EE470B0FF054FDB0EE407B37EE077B5A
:10363000F7EEC77BC7ED0C7AD44BD3ED0E7AB7EE1D
:10364000E77AB0EE001BB0EE470B0FF041FDB0EE95
:10365000407B37EE077BF7EEC77BC7ED0B7AD7EDE4
:103660000D7AB7EEE78AC94BD3ED0C7AB7EEE77A5D
:10367000B0EE001BB0EE470B0FF02AFDB0EE409B02
:10368000C24BD3ED0E7AB7EEE77AB0EE001BB0EE88
:10369000470B0FF01DFDB0EE407B39EE077B28EEA7
:1036A000078BBA4BD3ED087AB7EEE77AB1EE001B81
:1036B000B0EE470B0FF00CFDB0EE407B38EE478BC1
:1036C000B24BD3ED0C7AB7EEE77AB1EE001BB0EE59
:1036D000470B0FF0FDFCB0EE407B38EE478BAB4B59
:1036E000D3ED0C7AB7EEE77AB0EE001BB0EE470BE5
:1036F0000FF0EEFCB0EE407B37EE079BA34BD3ED13
:103700000E7AB7EEE77AB0EE001BB0EE470B0FF083
:10371000DFFCB0EE407B29EE077B38EE478B9B4BFE
:10372000D3ED0E7AB7EEE77AB1EE001BB0EE470BA1
:103730000FF0CEFCB0EE407B38EE477BF7EEC77B58
:10374000C7ED0A7A914BD3ED087A37EEA77A8F4B03
:10375000D3ED0C7A67EE277AB7EEE78A8B4BD3ED81
:10376000087AB7EEE77AB0EE001BB0EE470B0FF029
:10377000AFFCB0EE407B38EE478B844BD3ED0C7A38
:10378000B7EEE77AB0EE001BB0EE470B0FF0A0FCEF
:10379000B0EE407B38EE478B7C4BD3ED0E7AB7EE24
:1037A000E77AB0EE001BB0EE470B0FF091FCB0EEE5
:1037B000407B38EE477BF7EEC77BC7ED097AD7ED44
:1037C000117AB7EEE77AB0EE001BB0EE470B0FF0C0
:1037D0007FFCB0EE407BF7EEC77BC7ED087AD7EDF4
:1037E000107AB7EEE77AB0EE001BB0EE470B0FF0A1
:1037F0006FFCB0EE407BF7EEC77BC7ED077AD7EDE5
:103800000F7AB7EEE77AB0EE001BB0EE470B0FF081
:103810005FFCB0EE407BF7EEC77BC7ED067A97ED15
:10382000087AD7ED077A77EE277A97ED067A77EE62
:10383000277AC7ED057A97ED0D7AD7ED057A27EE51
:10384000277AD7ED0A7A37EE277AD7ED0C6AD7EDCB
:10385000057A66EEA77A37EE277AD7ED0B6AD7EDB1
:10386000057A66EEA77A77EE277AB7EEE78AD7ED84
:10387000117AB7EEE77AB1EE001BB0EE470B0FF00E
:1038800027FCB0EE407B38EE478BD7ED107AB7EED1
:10389000E77AB1EE001BB0EE470B0FF019FCB0EE6B
:1038A000407B38EE478BD7ED0F7AB7EEE77AB1EE73
:1038B000001BB0EE470B0FF00BFCB0EE407B38EE78
:1038C000476BD7ED087A37EEA77AD7ED075AD7EDD1
:1038D000067A75EEA77A67EE277AB7EEE77A36EEC4
:1038E000476BD7ED077A37EEA77AD7ED067A67EE02
:1038F000277AB7EEE77A36EE477BF7EEC77BC7ED60
:10390000047AD7ED0E7AB7EEE78AD7ED047AB7EEF0
:10391000E77AB0EE470B0FF0EBF9B0EE407B38EEF4
:10392000077BB1EE475B97ED097AD7ED057A77EE25
:10393000277AB7EEE76A85EE067BF7EEC77BC7ED21
:10394000037AD7ED0E7AB7EEE78AD7ED047AB7EEB1
:10395000E77AB0EE470B0FF0CBF9B0EE407B38EED4
:10396000477BB1EE475B97ED097AD7ED057A77EEA5
:10397000277AB7EEE76A85EE067BF7EEC77BC7EDE1
:10398000027AD7ED037A03E018050024E84D010818
:10399000B7EEE77AB0EE470B0FF0CAF9B0EE407B16
:1039A00037EE077BF7EEC77BC7ED017AD7ED027ADA
:1039B000B7EEE77AB0EE470B0FF0BAF9B0EE407B06
:1039C00037EE077BF7EEC77BC7ED007A0023FB6479
:1039D0000CE01549FA6C13465B001344DB000B4402
:1039E00048337A681A60FB6C0133FB64FB6C012B73
:1039F000EFD90223BB640CE00B49BA6C13465B00A1
:103A00001344DB000B4448333A681A60BB6C013343
:103A1000BB64BB6C032BEFD900BF00BF5037BD4662
:103A2000BDEC048B80BD00BF1805002480B52DEDD2
:103A3000028B92B000AF87ED030AB86079608C4BBF
:103A4000DB6A7B648B4BD3ED087AB7EEE77AB0EE96
:103A5000001BB0EE470B0FF03BFBB0EE407BF7EEE8
:103A6000C77BC7ED107A834BD3ED0C7AB7EEE77ABC
:103A7000B0EE001BB0EE470B0FF02AFBB0EE407B20
:103A8000F7EEC77BC7ED0F7A7A4BD3ED0E7AB7EE20
:103A9000E77AB0EE001BB0EE470B0FF019FBB0EE6B
:103AA000407BF7EEC77BC7ED0E7A724BD3ED087AF9
:103AB00037EEA77A6F4BD3ED0C7A67EE277AC7ED16
:103AC0000D7A6C4BD3ED087A37EEA77A694BD3EDBC
:103AD0000E7A67EE277AC7ED0C7AD7ED037AB7EE48
:103AE000E77AB0EE470B0FF01FFAB0EE407BF7EE2F
:103AF000C77BC7ED0B7AD7ED037AB7EEE77AB0EE66
:103B0000470B0FF065FAB0EE407BF7EEC77BC7EDD1
:103B10000A7A97ED107AD7ED0F7A77EE277A97ED3C
:103B20000E7A77EE277AC7ED097A97ED0D7AD7ED01
:103B30000B7A27EE277AD7ED097A37EE277AD7ED79
:103B40000C6AD7ED0A7A66EEA77A77EE677AB7EE57
:103B5000E78AD7ED117AB7EEE77AB0EE001BB0EE48
:103B6000470B0FF0B5FAB0EE407B38EE477BB0EE76
:103B7000470B0FF0BDF8B0EE407BF7EEC77BC7ED0B
:103B8000087A3C4B93ED0C7AD7ED0B7A27EE277A27
:103B9000384BD3ED0E6AD7ED0A7A66EEA77A77EE48
:103BA000677AC7ED077A334B93ED0E7AD7ED0B7A30
:103BB00027EE277AD7ED117A37EE677A2D4BD3EDC2
:103BC0000C6AD7ED0A7A66EEA77A77EE277AC7ED08
:103BD000067A284B93ED087AD7ED087A37EE277AE4
:103BE000D7ED077A77EE277AF1EE676A97ED067AD6
:103BF000C6EE877AC7ED057A1E4B93ED087AD7EDAE
:103C0000087A37EE677AD7ED077A77EE277AF1EE02
:103C1000676A97ED067AC6EE877AC7ED047AD7ED24
:103C2000057AB7EEE77AB0EE470B0FF081F8B0EE09
:103C3000407B37EE077BF7EEC77BBB68C3ED007AAE
:103C4000D7ED047AB7EEE77AB0EE470B0FF070F8D5
:103C5000B0EE407B37EE077BF7EEC77B7B68C3EDAA
:103C6000007A00BF4837BD46BDEC028B80BD00BF67
:103C700018050024E84D010880B584B000AF4FF06E
:103C80000003FB604FF00003BB604FF000037B605C
:103C9000144B9B6CFB603A1D07F108031146184654
:103CA00097ED030AFFF7C2FEBB680E4A53647B68B8
:103CB0000C4AD3650B4B9B6FFB603A1D07F1080361
:103CC0001146184697ED030AFFF7B0FEBB68054A98
:103CD00053677B68034AC2F88C3000BF1037BD467B
:103CE00080BD00BF1805002480B52DED028B90B07B
:103CF00000AF87ED010AC7ED000A894BDB68BB63A3
:103D0000874BDB697B6397ED017AD7ED007A77EE1D
:103D1000677AC7ED0C7AD7ED0C7AB7EEE77AB0EE9A
:103D2000470B0FF001F9B0EE407BF7EEC77BC7ED14
:103D30000B7AD7ED0C7AB7EEE77AB0EE470B0FF0BF
:103D400047F9B0EE407BF7EEC77BC7ED0A7AD7EDB7
:103D5000017AB7EEE77AB0EE470B0FF0E5F8B0EE78
:103D6000407BF7EEC77BC7ED097AD7ED017AB7EE56
:103D7000E77AB0EE470B0FF02BF9B0EE407BF7EE91
:103D8000C77BC7ED087AD7ED007AB7EEE77AB0EED9
:103D9000470B0FF0C9F8B0EE407BF7EEC77BC7EDDD
:103DA000077AD7ED007AB7EEE77AB0EE470B0FF05F
:103DB0000FF9B0EE407BF7EEC77BC7ED067A594BA3
:103DC00093ED087AD7ED097A27EE277A554BD3ED94
:103DD0000C6AD7ED0B7A66EEA77A37EE277A514B4D
:103DE000D3ED0E6AD7ED0A7A66EEA77A77EE277AD8
:103DF000C7ED057A97ED057AD7ED0E7A77EE676A0B
:103E000097ED0E7AD7ED057A37EE277AC6EE877AE8
:103E1000B7EEE77AB0EE470B0EF06AFFB0EE407BEC
:103E2000F7EEC77BC7ED0F7AD7ED0F7A37EEA77A9B
:103E30003C4BD3ED086A3B4B93ED0C6AD7ED077A08
:103E400066EE277A76EEA76A364B93ED0E6AD7EDCB
:103E5000067A66EE277A76EEE76AD7ED097A66EE9D
:103E6000A76A304B93ED0E6AD7ED077A26EE276AE4
:103E70002C4BD3ED0C5AD7ED067A65EEA77A36EEC9
:103E8000276AD7ED087A66EE277A76EEA77A67EE8C
:103E9000277AB7EEE78AD7ED0F7AB7EEE77AB0EE7A
:103EA000001BB0EE470B0FF013F9B0EE407BB7EEFE
:103EB000006B37EE066B88EE067BF7EEC77BC7ED2F
:103EC000047A97ED0D7AD7ED047A77EE677AF0EE03
:103ED000E77A9FED157AF4EEC77AF1EE10FA05DD78
:103EE000D7ED0F7AF1EE677AC7ED0F7AD7ED0F7A3B
:103EF000B7EEE77AB0EE470B0EF01AFFB0EE407B5C
:103F000037EE077BF7EEC77BC7ED037AFB6807EE5A
:103F1000903AB0EE670A4037BD46BDEC028B80BDDB
:103F200018050024E84D010817B7D13880B584B0D2
:103F300000AF0023FB6028E01849FA6813465B00D5
:103F40001344DB000B4444331B68BB601349FA681D
:103F500013465B001344DB000B4448331B687B6053
:103F6000D7ED010A97ED020AFFF7BEFEF0EE407AA8
:103F70000A49FA6813465B001344DB000B444033E4
:103F8000C3ED007AFB680133FB60FB68032BD3D9D8
:103F900000BF00BF1037BD4680BD00BF180500241C
:103FA00080B52DED028B98B000AF87ED030AC7ED09
:103FB000020A87ED011AE24B1B68FB65E04B1B69A7
:103FC000BB65DF4B1B6A7B65DD4B5B683B65DC4B90
:103FD0005B69FB64DA4B5B6ABB64D94B9B687B64AF
:103FE000D74B9B693B64D64B9B6AFB63D7ED037A47
:103FF000B7EEE77AB0EE470B0EF096FFB0EE407BDF
:10400000F7EEC77BC7ED0E7AD7ED037AB7EEE77A06
:10401000B0EE470B0EF0DCFFB0EE407BF7EEC77B57
:10402000C7ED0D7AD7ED027AB7EEE77AB0EE470B1F
:104030000EF07AFFB0EE407BF7EEC77BC7ED0C7A4F
:10404000D7ED027AB7EEE77AB0EE470B0EF0C0FF7D
:10405000B0EE407BF7EEC77BC7ED0B7AD7ED017A68
:10406000B7EEE77AB0EE470B0EF05EFFB0EE407BA6
:10407000F7EEC77BC7ED0A7AD7ED017AB7EEE77A9C
:10408000B0EE470B0EF0A4FFB0EE407BF7EEC77B1F
:10409000C7ED097A97ED177AD7ED0E7A27EE277AD2
:1040A000D7ED0A7A27EE277AD7ED0B7A27EE277A13
:1040B000D7ED156AD7ED0B7A66EEA76AD7ED097AC8
:1040C00066EEA77A37EE677AD7ED176AD7ED0E7AE4
:1040D00066EEA76AD7ED0C7A66EEA76AD7ED097A85
:1040E00066EEA77A37EE677AD7ED156AD7ED0C7AC8
:1040F00066EEA76AD7ED0A7A66EEA77A37EE677A98
:10410000D7ED166AD7ED0C7A66EEA76AD7ED0D7A71
:1041100066EEA76AD7ED097A66EEA77A37EE677A78
:10412000D7ED166AD7ED0A7A66EEA76AD7ED0D7A53
:1041300066EEA76AD7ED0B7A66EEA77A77EE277A56
:10414000C7ED087A97ED147AD7ED0E7A27EE277A25
:10415000D7ED0A7A27EE277AD7ED0B7A27EE277A62
:10416000D7ED126AD7ED0B7A66EEA76AD7ED097A1A
:1041700066EEA77A37EE677AD7ED146AD7ED0E7A36
:1041800066EEA76AD7ED0C7A66EEA76AD7ED097AD4
:1041900066EEA77A37EE677AD7ED126AD7ED0C7A1A
:1041A00066EEA76AD7ED0A7A66EEA77A37EE677AE7
:1041B000D7ED136AD7ED0C7A66EEA76AD7ED0D7AC4
:1041C00066EEA76AD7ED097A66EEA77A37EE677AC8
:1041D000D7ED136AD7ED0A7A66EEA76AD7ED0D7AA6
:1041E00066EEA76AD7ED0B7A66EEA77A77EE277AA6
:1041F000C7ED077A97ED117AD7ED0E7A27EE277A79
:10420000D7ED0A7A27EE277AD7ED0B7A27EE277AB1
:10421000D7ED0F6AD7ED0B7A66EEA76AD7ED097A6C
:1042200066EEA77A37EE677AD7ED116AD7ED0E7A88
:1042300066EEA76AD7ED0C7A66EEA76AD7ED097A23
:1042400066EEA77A37EE677AD7ED0F6AD7ED0C7A6C
:1042500066EEA76AD7ED0A7A66EEA77A37EE677A36
:10426000D7ED106AD7ED0C7A66EEA76AD7ED0D7A16
:1042700066EEA76AD7ED097A66EEA77A37EE677A17
:10428000D7ED106AD7ED0A7A66EEA76AD7ED0D7AF8
:1042900066EEA76AD7ED0B7A66EEA77A77EE277AF5
:1042A000C7ED067AD7ED087AB7EEE77AB0EE001BD5
:1042B000B0EE470B0EF00CFFB0EE408BD7ED077A57
:1042C000B7EEE77AB0EE001BB0EE470B0EF000FF42
:1042D000B0EE407B38EE077BB0EE470B0EF008FDEA
:1042E000B0EE406BD7ED067AB7EEE77AB0EE471B3B
:1042F000B0EE460B0EF0D4FCB0EE407BF7EEC77B81
:10430000C7ED057AD7ED057AF1EE677AB7EEE77A71
:104310009FED096B37EE067BF7EEC77BC7ED047A9E
:104320003B6907EE903AB0EE670A6037BD46BDECD8
:10433000028B80BDAFF30080182D4454FB2109404F
:104340001805002480B584B000AF0023FB6034E082
:104350001E49FA6813465B001344DB000B444433E8
:104360001B68BB601949FA6813465B001344DB0005
:104370000B4448331B687B601449FA6813465B00A2
:104380001344DB000B4440331B683B6097ED011A7C
:10439000D7ED020A97ED000AFFF702FEF0EE407A31
:1043A0000A49FA6813465B001344DB000B445033A0
:1043B000C3ED007AFB680133FB60FB68032BC7D9B0
:1043C00000BF00BF1037BD4680BD00BF18050024E8
:1043D00080B594B000AF87ED030AC7ED020A87ED00
:1043E000011AC7ED001AD7ED007AB7EEE77A9FED14
:1043F000E86B36EE477BF7EEC77BC7ED137AD7ED58
:10440000137AF0EEE77A9FEDE67AF4EEC77AF1EEF2
:1044100010FA10D4D7ED137AB7EEE77A9FEDDC6B84
:1044200037EE467BB0EEC77B9FEDDB6BB4EEC67B11
:10443000F1EE10FA02D54FF00003A0E1D94B9B68D2
:10444000BB64D84B9B697B64D64B9B6A3B644FF043
:104450000003FB63D7ED037AB7EEE77AB0EE470BC4
:104460000EF062FDB0EE407BF7EEC77BC7ED0E7A33
:10447000D7ED037AB7EEE77AB0EE470B0EF0A8FD62
:10448000B0EE407BF7EEC77BC7ED0D7AD7ED027A31
:10449000B7EEE77AB0EE470B0EF046FDB0EE407B8C
:1044A000F7EEC77BC7ED0C7AD7ED027AB7EEE77A65
:1044B000B0EE470B0EF08CFDB0EE407BF7EEC77B05
:1044C000C7ED0B7AD7ED017AB7EEE77AB0EE470B7E
:1044D0000EF02AFDB0EE407BF7EEC77BC7ED0A7AFF
:1044E000D7ED017AB7EEE77AB0EE470B0EF070FD2C
:1044F000B0EE407BF7EEC77BC7ED097AD7ED0F7AB8
:10450000B7EEE77AB0EE470B0EF00EFDB0EE407B53
:10451000F7EEC77BC7ED087AD7ED0F7AB7EEE77AEB
:10452000B0EE470B0EF054FDB0EE407BF7EEC77BCC
:10453000C7ED077A97ED127AD7ED087A27EE277A3A
:10454000D7ED0D7A27EE277AD7ED116AD7ED0E7ADF
:1045500066EEA76AD7ED087A66EEA77A37EE677A35
:10456000D7ED106AD7ED0C7A66EEA76AD7ED097A17
:1045700066EEA76AD7ED077A66EEA77A37EE277A56
:10458000D7ED106AD7ED0A7A66EEA76AD7ED0B7AF7
:1045900066EEA76AD7ED077A66EEA77A37EE677AF6
:1045A000D7ED126AD7ED0E7A66EEA76AD7ED0C7AD0
:1045B00066EEA76AD7ED0A7A66EEA76AD7ED077AA4
:1045C00066EEA77A37EE677AD7ED116AD7ED0C7AE7
:1045D00066EEA76AD7ED0A7A66EEA76AD7ED0D7A7E
:1045E00066EEA76AD7ED077A66EEA77A37EE677AA6
:1045F000D7ED126AD7ED0E7A66EEA76AD7ED0B7A81
:1046000066EEA76AD7ED097A66EEA76AD7ED077A54
:1046100066EEA77A37EE677AD7ED116AD7ED0D7A95
:1046200066EEA76AD7ED0B7A66EEA76AD7ED097A30
:1046300066EEA76AD7ED077A66EEA77A77EE677A15
:10464000C7ED067A97ED127AD7ED0D7A27EE277A25
:10465000D7ED077A27EE277AD7ED116AD7ED0E7AD4
:1046600066EEA76AD7ED077A66EEA77A37EE677A25
:10467000D7ED106AD7ED0C7A66EEA76AD7ED087A07
:1046800066EEA76AD7ED097A66EEA77A37EE677A03
:10469000D7ED106AD7ED0A7A66EEA76AD7ED087AE9
:1046A00066EEA76AD7ED0B7A66EEA77A37EE277A21
:1046B000D7ED126AD7ED0E7A66EEA76AD7ED0C7ABF
:1046C00066EEA76AD7ED0A7A66EEA76AD7ED087A92
:1046D00066EEA77A37EE277AD7ED116AD7ED0C7A16
:1046E00066EEA76AD7ED0A7A66EEA76AD7ED087A72
:1046F00066EEA76AD7ED0D7A66EEA77A37EE277ACF
:10470000D7ED126AD7ED0E7A66EEA76AD7ED087A72
:1047100066EEA76AD7ED0B7A66EEA76AD7ED097A3F
:1047200066EEA77A37EE277AD7ED116AD7ED087AC9
:1047300066EEA76AD7ED0D7A66EEA76AD7ED0B7A1B
:1047400066EEA76AD7ED097A66EEA77A77EE277A42
:10475000C7ED057AD7ED067AB7EEE77AD7ED056AA9
:10476000B7EEE66AB0EE461BB0EE470B0EF098FAD5
:10477000B0EE407BF7EEC77BC7ED0F7AFB6B07EE21
:10478000903AB0EE670A5037BD4680BDAFF3008067
:10479000182D4454FB210940000000E0E2361A3F86
:1047A00017B7D1381805002480B586B000AF0023B4
:1047B0007B6140E024497A6913465B001344DB00C7
:1047C0000B4444331B683B611F497A6913465B0005
:1047D0001344DB000B4448331B68FB601A497A69B9
:1047E00013465B001344DB000B4440331B68BB6083
:1047F00015497A6913465B001344DB000B445033C0
:104800001B687B60D7ED011A97ED031AD7ED040AF8
:1048100097ED020AFFF7DCFDF0EE407A0A497A696B
:1048200013465B001344DB000B444C33C3ED007AAA
:104830007B6901337B617B69032BBBD900BF00BF60
:104840001837BD4680BD00BF1805002400000000D9
:1048500080B59AB000AF87ED050AC7ED040A87ED71
:10486000031AC7ED021A87ED012AD7ED017AB7EED8
:10487000E77A9FEDB56B36EE477BF7EEC77BC7ED6A
:10488000197AB54B1B683B66B34B1B69FB65B24B92
:104890001B6ABB65B04B5B687B65AF4B5B693B6577
:1048A000AD4B5B6AFB64D7ED057AB7EEE77AB0EE05
:1048B000470B0EF039FBB0EE407BF7EEC77BC7ED40
:1048C000127AD7ED057AB7EEE77AB0EE470B0EF025
:1048D0007FFBB0EE407BF7EEC77BC7ED117AD7EDDB
:1048E000047AB7EEE77AB0EE470B0EF01DFBB0EEA0
:1048F000407BF7EEC77BC7ED107AD7ED047AB7EEB1
:10490000E77AB0EE470B0EF063FBB0EE407BF7EEBC
:10491000C77BC7ED0F7AD7ED037AB7EEE77AB0EE33
:10492000470B0EF001FBB0EE407BF7EEC77BC7ED07
:104930000E7AD7ED037AB7EEE77AB0EE470B0EF0BA
:1049400047FBB0EE407BF7EEC77BC7ED0D7A4FF02B
:1049500000033B634FF00003FB62D7ED197AF0EEE2
:10496000E77A9FED7E7AF4EEC77AF1EE10FA11D471
:10497000D7ED197AB7EEE77A9FED736B37EE467B8A
:10498000B0EEC77B9FED726BB4EEC67BF1EE10FA12
:1049900040F1E680D7ED137AB1EE677AD7ED107A61
:1049A00027EE277AD7ED0D7A27EE277AD7ED136A0F
:1049B000D7ED0E7A66EEA76AD7ED0F7A66EEA77A84
:1049C00037EE277AD7ED156AD7ED127A66EEA76A29
:1049D000D7ED107A66EEA76AD7ED0E7A66EEA77A63
:1049E00037EE277AD7ED146AD7ED107A66EEA76A0C
:1049F000D7ED0E7A66EEA76AD7ED117A66EEA77A42
:104A000037EE277AD7ED156AD7ED127A66EEA76AE8
:104A1000D7ED0F7A66EEA76AD7ED0D7A66EEA77A24
:104A200037EE277AD7ED146AD7ED117A66EEA76ACA
:104A3000D7ED0F7A66EEA76AD7ED0D7A66EEA77A04
:104A400077EE277AC7ED087AD7ED167AB1EE677A56
:104A5000D7ED107A27EE277AD7ED0D7A27EE277A51
:104A6000D7ED166AD7ED0E7A66EEA76AD7ED0F7A04
:104A700066EEA77A37EE277AD7ED186AD7ED127A65
:104A800066EEA76AD7ED107A66EEA76AD7ED0E7AC2
:104A900066EEA77A37EE277AD7ED176AD7ED107A48
:104AA00066EEA76AD7ED0E7A66EEA76AD7ED117AA1
:104AB00066EEA77A37EE277AD7ED186AD7ED127A25
:104AC00066EEA76AD7ED0F7A66EEA76AD7ED0D7A84
:104AD00066EEA77A37EE277AD7ED176AD7ED117A07
:104AE00066EEA76AD7ED0F7A66EEA76AD7ED0D7A64
:104AF00066EEA77A77EE277AC7ED077AD7ED087AC0
:104B0000F1EE677AB7EEE77AD7ED076AB7EEE66AB5
:104B1000B0EE461BB0EE470B0EF0C2F8B0EE407B95
:104B2000F7EEC77BC7ED0C7AD7ED0C7AB7EEE77AD4
:104B30009FED056B37EE467BF7EEC77BC7ED0B7A33
:104B4000FB6AE0E0AFF30080182D4454FB210940DC
:104B5000000000E0E2361A3F1805002417B7D138EC
:104B600097ED157AD7ED127A27EE277AD7ED0E7AE0
:104B700027EE277AD7ED0F7A27EE277AD7ED136A3B
:104B8000D7ED0F7A66EEA76AD7ED0D7A66EEA77AB3
:104B900037EE677AD7ED156AD7ED127A66EEA76A17
:104BA000D7ED107A66EEA76AD7ED0D7A66EEA77A92
:104BB00037EE677AD7ED136AD7ED107A66EEA76AFB
:104BC000D7ED0E7A66EEA77A37EE677AD7ED146ADC
:104BD000D7ED107A66EEA76AD7ED117A66EEA76A6E
:104BE000D7ED0D7A66EEA77A37EE677AD7ED146ABD
:104BF000D7ED0E7A66EEA76AD7ED117A66EEA76A50
:104C0000D7ED0F7A66EEA77A77EE277AC7ED0A7AA4
:104C100097ED187AD7ED127A27EE277AD7ED0E7A2C
:104C200027EE277AD7ED0F7A27EE277AD7ED166A87
:104C3000D7ED0F7A66EEA76AD7ED0D7A66EEA77A02
:104C400037EE677AD7ED186AD7ED127A66EEA76A63
:104C5000D7ED107A66EEA76AD7ED0D7A66EEA77AE1
:104C600037EE677AD7ED166AD7ED107A66EEA76A47
:104C7000D7ED0E7A66EEA77A37EE677AD7ED176A28
:104C8000D7ED107A66EEA76AD7ED117A66EEA76ABD
:104C9000D7ED0D7A66EEA77A37EE677AD7ED176A09
:104CA000D7ED0E7A66EEA76AD7ED117A66EEA76A9F
:104CB000D7ED0F7A66EEA77A77EE277AC7ED097AF5
:104CC000D7ED0A7AB7EEE77AD7ED096AF1EE666AB0
:104CD000B7EEE66AB0EE461BB0EE470B0DF0E0FF14
:104CE000B0EE407BF7EEC77BC7ED0C7AD7ED0C7AC0
:104CF000B7EEE77A9FED086B37EE467BF7EEC77BA2
:104D0000C7ED0B7AFB6A07EE903AB0EE670A683798
:104D1000BD4680BDAFF30080182D4454FB210940EF
:104D200080B586B000AF00237B614CE02A497A69E8
:104D300013465B001344DB000B4440331B683B61AC
:104D400025497A6913465B001344DB000B44443366
:104D50001B68FB6020497A6913465B001344DB0043
:104D60000B4448331B68BB601B497A6913465B00E0
:104D70001344DB000B444C331B687B6016497A6993
:104D800013465B001344DB000B4450331B683B604D
:104D900097ED002AD7ED011A97ED021AD7ED030A15
:104DA00097ED040AFFF754FDF0EE407A0A497A695C
:104DB00013465B001344DB000B445433C3ED007A0D
:104DC0007B6901337B617B69032BAFD900BF00BFD7
:104DD0001837BD4680BD00BF1805002480B500AF60
:104DE000FEF7EAFBFEF748FFFFF7A0F8FFF7AAFA85
:104DF000FFF7DAFCFFF794FF024B0022C3F8A02074
:104E000000BF80BD1805002480B584B000AF00232A
:104E1000FB6035E0F9681E4800F026FE0023BB6009
:104E200016E01C49FA6813465B0013445B00BA683D
:104E3000134410339B000B44D3ED007AB7EEE77AAE
:104E400053EC172B144800F00FFEBB680133BB6016
:104E5000BB68052BE5DD0F4BD3F8A0300121FA68C4
:104E600001FA02F21340002B0CBF01230023DBB236
:104E70007B607968094800F0F7FDFB680133FB604F
:104E8000FB68032BC6D900BF00BF1037BD4680BDED
:104E9000944C010818050024A44C0108AC4C0108EE
:104EA00080B584B000AF87ED010AD7ED017AB7EE87
:104EB000E77A9FED216B27EE067BF7EEC77BC7ED08
:104EC000037AD7ED037AB7EEE77A9FED1D1BB0EEBC
:104ED000470B0DF0E9FEB0EE407BF7EEC77BC7ED68
:104EE000037AD7ED037AF5EEC07AF1EE10FA07D522
:104EF000D7ED037A9FED147A77EE877AC7ED037AC0
:104F0000D7ED037A9FED107A77EEC77AF0EEE77A65
:104F10009FED0E7AF4EEC77AF1EE10FA02D54FF05B
:104F20000003FB60FB6807EE903AB0EE670A1037AB
:104F3000BD4680BDAFF30080F8C1631ADCA54C40CC
:104F400000000000008076400000B44317B7D1385D
:104F500080B582B000AF00237B602BE000233B6074
:104F600022E018497A6813465B0013445B003A68F4
:104F7000134410339B000B44D3ED007AB0EE670A64
:104F8000FFF78EFFF0EE407A0E497A6813465B0019
:104F900013445B003A68134410339B000B44C3ED89
:104FA000007A3B6801333B603B68052BD9DD7B68A9
:104FB00001337B607B68032BD0D900BF00BF08376B
:104FC000BD4680BD1805002480B489B000AF78606C
:104FD0004FF00003FB614FF09B43BB614FF0FF3389
:104FE0007B6100233B6154E03F4BD3F8A0300121AB
:104FF0003A6901FA02F21340002B46D14FF0000348
:10500000FB610023FB602FE0D7ED077AB7EEE76A7C
:1050100035493A6913465B0013445B00FA68134450
:1050200010339B000B4493ED007A304AFB689B00E1
:105030001344D3ED007A77EE677AF0EEE77AB7EEB5
:10504000E75A2B4AFB689B001344D3ED007AB7EE76
:10505000E77A25EE077B36EE077BF7EEC77BC7EDD9
:10506000077AFB680133FB60FB68052BCCDD97ED0D
:10507000077AD7ED067AB4EEE77AF1EE10FA05D5A5
:10508000FB69BB613B697B6100E000BF3B690133A9
:105090003B613B69032BA7D97B69B3F1FF3F02D189
:1050A0004FF0FF331AE00023BB6013E0BB689B00A6
:1050B0007A68D1180C487A6913465B0013445B0088
:1050C000BA68134410339B0003441B680B60BB6831
:1050D0000133BB60BB68052BE8DD0023184624378D
:1050E000BD465DF8047B704718050024BC0500240C
:1050F000884E010880B487B000AF00237B619AE03E
:1051000000233B6190E051497A6913465B001344E8
:105110005B003A69134410339B000B441B68FB602F
:105120004B4A3B692C2101FB03F3134464331B6896
:10513000BB60474A3B692C2101FB03F313446833EE
:105140001B687B6097ED037AD7ED027A77EE677A7A
:10515000F0EEE77A9FED3F7AF4EEC77AF1EE10FABF
:1051600001D5BB68FB6097ED037AD7ED017A77EE46
:10517000677AF0EEE77A9FED377AF4EEC77AF1EED0
:1051800010FA01D57B68FB6097ED037AD7ED027AC0
:10519000B4EEE77AF1EE10FA08D5D7ED037A9FED79
:1051A0002E7A77EE877AC7ED037A10E097ED037ACF
:1051B000D7ED017AB4EEE77AF1EE10FA07DDD7ED1C
:1051C000037A9FED257A77EEC77AC7ED037A97EDDC
:1051D000037AD7ED027AB4EEE77AF1EE10FA08D44A
:1051E00097ED037AD7ED017AB4EEE77AF1EE10FA93
:1051F0000ADD164BD3F8A03001217A6901FA02F2D8
:105200001343124AC2F8A03010497A6913465B0072
:1052100013445B003A69134410339B000B44FA6853
:105220001A603B6901333B613B69052B7FF76BAF2C
:105230007B6901337B617B69032B7FF661AF00BF24
:1052400000BF1C37BD465DF8047B7047180500247D
:105250001C03002417B7D1380000B44380B582B0D6
:1052600000AF78601822796803480CF00FFD00BF8A
:105270000837BD4680BD00BFBC05002480B582B0A4
:1052800000AF786087ED000A7B68052B03D90648DC
:1052900000F0EAFB05E0054A7B689B0013443A688E
:1052A0001A600837BD4680BDB84C0108BC05002413
:1052B00080B58AB004AFF860B9607A604022F968BE
:1052C0002D480CF0E3FCFFF789FD7B68002B1FD015
:1052D000FB680C33D3ED007AB7EEE75AFB681C335A
:1052E000D3ED007AB7EEE77AFB682C33D3ED006A92
:1052F000B7EEE66A8DED026B8DED007B53EC152B5E
:105300001E4800F0B1FB1E4800F0AEFBFFF77CFD2D
:10531000FFF71EFEFFF7EEFE7B68002B04D0194856
:1053200000F0A2FBFFF770FDB868FFF74DFE386193
:105330007B68002B1BD0144800F096FB00237B6198
:105340000FE07B699B00BA681344D3ED007AB7EE97
:10535000E77A53EC172B0D4800F086FB7B6901338D
:105360007B617B69052BECDD094800F07DFB3B6927
:1053700018461837BD4680BD18050024E04C0108CA
:10538000F44C0108144D0108344D0108A44C0108E7
:10539000504D010880B584B000AFF860B9607A6004
:1053A0004022F968B8680CF071FC7B6893ED007AD4
:1053B000BB68D3ED037A77EE277ABB68C3ED037A37
:1053C0007B6893ED017ABB681033D3ED037ABB6839
:1053D000103377EE277AC3ED037A7B6893ED027A78
:1053E000BB682033D3ED037ABB68203377EE277A8E
:1053F000C3ED037A00BF1037BD4680BD80B582B0D3
:1054000000AF0C4BD3F8F4300A4A43F00203C2F861
:10541000F430084BD3F8F43003F002037B607B6870
:1054200000220F216FF0010000F0ECFC00BF0837F4
:10543000BD4680BD0044025880B590B000AF786092
:105440007B680F2B27D800227968362000F0DAFC21
:10545000362000F0F1FC294A7B681360284BD3F812
:10546000E830274A43F01003C2F8E830244BD3F861
:10547000E83003F01003FB60FB6807F1100207F14E
:1054800014031146184605F0C1FBBB6ABB63BB6B36
:10549000002B06D101E001232BE005F08BFBF86324
:1054A00004E005F087FB03465B00FB63FB6B154ADA
:1054B000A2FB03239B0C013B7B63134B134A1A6033
:1054C000114B40F2E732DA600F4A7B6B53600E4BB0
:1054D00000221A610C4B00229A600B4807F03EFA3A
:1054E0000346002B04D1084807F09AFA034600E06F
:1054F000012318464037BD4680BD00BF5C01002433
:105500000044025883DE1B43D405002400100040F1
:1055100080B400AF00BFFDE780B400AF00BFFDE77F
:1055200080B400AF00BFFDE780B400AF00BFFDE76F
:1055300080B400AF00BFFDE780B400AF00BFBD4640
:105540005DF8047B7047000080B500AF024801F0B1
:10555000B5FD00BF80BD00BF4C07002480B500AF83
:10556000024807F0BBFD00BF80BD00BFB8060024A5
:1055700080B500AF024807F0D9FA00BF80BD00BF78
:10558000D405002480B500AF024803F0CFFB00BF74
:1055900080BD00BF6402002480B586B000AF786093
:1055A000144A154BD31A7B617B693B61134B1B6813
:1055B000002B02D1114B124A1A60104B1A687B68FB
:1055C00013443A699A4207D20CF034FB03460C228A
:1055D0001A604FF0FF3309E0084B1B68FB60074B74
:1055E0001A687B681344054A1360FB68184618372D
:1055F000BD4680BD000005240004000020060024F4
:10560000F852002480B400AF3E4BD3F888303D4AB6
:1056100043F47003C2F888303B4B1B6803F00F0360
:10562000062B07D8384B1B6823F00F03364A43F08C
:1056300007031360354B1B68344A43F001031360C2
:10564000324B00221A61314B1A683049304B1340FB
:105650000B602D4B1B6803F00803002B07D02A4B6F
:105660001B6823F00F03284A43F007031360274BFE
:1056700000229A61254B0022DA61244B00221A6233
:10568000224B244A9A62214B234ADA621F4B234A57
:105690001A631E4B00225A631C4B204A9A631B4B11
:1056A0000022DA63194B1D4A1A64184B00225A640F
:1056B000164B1B68154A23F480231360134B0022FA
:1056C0001A66124BD3F8D43003F48053002B13D155
:1056D0000E4BD3F8D4300D4A43F48053C2F8D43083
:1056E0000F4B43F2D2021A60084BD3F8D430074A6A
:1056F00023F48053C2F8D43000BFBD465DF8047B6C
:10570000704700BF00ED00E0002000520044025846
:105710007FEDF6EA000202020000FF0180020101B3
:105720000040005280B400AF094BDB68084A43F0E8
:105730000203D36000BF064B5B6803F40053002BE9
:10574000F9D000BF00BFBD465DF8047B704700BFC5
:105750000048025880B500AF224B234A1A60214B03
:105760004FF4E1325A601F4B00229A601D4B002219
:10577000DA601C4B00221A611A4B0C225A61194B39
:1057800000229A61174B0022DA61164B00221A623E
:10579000144B00225A62134B00229A62114807F000
:1057A000BFFB0346002B01D0FBF73AFC00210D485C
:1057B00009F0AAF90346002B01D0FBF731FC0021C8
:1057C000084809F0DFF90346002B01D0FBF728FC5D
:1057D000044809F060F90346002B01D0FBF720FCD8
:1057E00000BF80BD240600240010014080B500AF3A
:1057F000224B234A1A60214B4FF4E1325A601F4B6F
:1058000000229A601D4B0022DA601C4B00221A61B4
:105810001A4B0C225A61194B00229A61174B002235
:10582000DA61164B00221A62144B00225A62134BA3
:1058300000229A62114807F073FB0346002B01D047
:10584000FBF7EEFB00210D4809F05EF90346002B43
:1058500001D0FBF7E5FB0021084809F093F9034666
:10586000002B01D0FBF7DCFB044809F014F90346D8
:10587000002B01D0FBF7D4FB00BF80BDB80600248D
:105880000048004080B5BAB000AF786007F1D4039B
:1058900000221A605A609A60DA601A6107F11803F0
:1058A000B822002118460CF04FF97B681B68684A43
:1058B000934247D14FF001024FF00003C7E906239E
:1058C0000023C7F8903007F11803184605F0E0F9F7
:1058D0000346002B01D0FBF7A3FB5E4BD3F8F0305F
:1058E0005C4A43F01003C2F8F0305A4BD3F8F03062
:1058F00003F010037B617B69564BD3F8E030554AC7
:1059000043F00203C2F8E030524BD3F8E03003F02A
:1059100002033B613B694FF44043C7F8D430022394
:10592000C7F8D8300023C7F8DC300023C7F8E030D0
:105930000423C7F8E43007F1D4031946464803F0BE
:1059400003FF81E07B681B68444A93427CD14FF09F
:1059500002024FF00003C7E906230023C7F88C308A
:1059600007F11803184605F093F90346002B01D000
:10597000FBF756FB374BD3F8E830364A43F4802325
:10598000C2F8E830334BD3F8E83003F48023FB60EF
:10599000FB68304BD3F8E0302E4A43F00203C2F8E4
:1059A000E0302C4BD3F8E03003F00203BB60BB685F
:1059B0004FF44063C7F8D4300223C7F8D83000232F
:1059C000C7F8DC300023C7F8E0300723C7F8E4301D
:1059D00007F1D4031946204803F0B6FE204B214AB4
:1059E0001A601F4B2D225A601D4B00229A601C4BDF
:1059F0000022DA601A4B4FF480621A61184B0022C1
:105A00005A61174B00229A61154B0022DA61144B40
:105A100000221A62124B00225A62114800F092FAD8
:105A20000346002B01D0FBF7FBFA7B680C4AC3F856
:105A300080200B4A7B68936300220021272000F01E
:105A4000E1F9272000F0F8F900BFE837BD4680BD36
:105A50000010014000440258000402580048004071
:105A60004C070024100002400FB480B5A2B000AF74
:105A700007F19403C7F88430381DD7F88430D7F87D
:105A8000902080210CF052F80BF026FC3B1D1846AC
:105A9000FAF748FC03469AB2391D4FF0FF33064827
:105AA00007F08EFA0BF04AFC00BF8837BD46BDE810
:105AB000804004B0704700BF240600240FB480B5B6
:105AC000A6B000AF07F1A403C7F88430381DD7F89B
:105AD0008430D7F8A02080210CF028F8EFF3118251
:105AE0004FF0500383F31188BFF36F8FBFF34F8FD5
:105AF000C7F88C20C7F88830D7F88C30C7F89430B6
:105B00003B1D1846FAF70EFC03469AB2391D4FF0BA
:105B1000FF33094807F054FAD7F89430C7F89030AB
:105B2000D7F8903083F3118800BF00BF9837BD4687
:105B3000BDE8804004B0704724060024DFF838D068
:105B4000FFF7F0FDFFF75EFD0C480D490D4A0023FD
:105B500002E0D458C4500433C4188C42F9D30A4A22
:105B60000A4C002301E013600432A242FBD30CF084
:105B700067F8FBF7FBF870470000052400000024DD
:105B8000B8010024606B0108B8010024F852002419
:105B9000FEE7000080B582B000AF032000F027F9D7
:105BA00004F05EFE0246154B9B691B0A03F00F03CF
:105BB0001349CB5C03F01F0322FA03F37B600F4B06
:105BC0009B6903F00F030E4AD35C03F01F037A684E
:105BD00022FA03F30B4A13600B4A7B6813600F2011
:105BE000FFF72AFC0346002B01D0012302E0FFF758
:105BF00005FC002318460837BD4680BD0044025806
:105C0000A04E0108580100245401002480B400AFC4
:105C1000064B1B781A46064B1B681344044A136054
:105C200000BFBD465DF8047B704700BF60010024E3
:105C3000C407002480B400AF034B1B681846BD4660
:105C40005DF8047B704700BFC407002480B584B0B2
:105C500000AF7860FFF7EEFFB8607B68FB60FB6821
:105C6000B3F1FF3F05D00A4B1B781A46FB6813447B
:105C7000FB6000BFFFF7DEFF0246BB68D31AFA687D
:105C80009A42F7D800BF00BF1037BD4680BD00BFA5
:105C90006001002480B485B000AF78607B6803F0B9
:105CA0000703FB600B4BDB68BB60BA684FF6FF0372
:105CB0001340BB60FB681A02BB681A43064B1343D0
:105CC000BB60044ABB68D36000BF1437BD465DF8B3
:105CD000047B704700ED00E00000FA0580B400AFDF
:105CE000044BDB681B0A03F007031846BD465DF84A
:105CF000047B704700ED00E080B483B000AF034642
:105D0000FB80B7F90630002B0BDBFB8803F01F028A
:105D10000749B7F906305B09012000FA02F241F8A1
:105D2000232000BF0C37BD465DF8047B704700BFE1
:105D300000E100E080B483B000AF03463960FB802F
:105D4000B7F90630002B0ADB3B68DAB20C49B7F929
:105D500006301201D2B20B4483F800230AE03B68FC
:105D6000DAB20849FB8803F00F03043B1201D2B2F8
:105D70000B441A7600BF0C37BD465DF8047B7047B4
:105D800000E100E000ED00E080B489B000AFF86011
:105D9000B9607A60FB6803F00703FB61FB69C3F13C
:105DA0000703042B28BF0423BB61FB690433062BC4
:105DB00002D9FB69033B00E000237B614FF0FF3217
:105DC000BB6902FA03F3DA43BB681A407B699A4065
:105DD0004FF0FF317B6901FA03F3D9437B680B4035
:105DE000134318462437BD465DF8047B704780B5E1
:105DF00082B000AF78607868FFF74CFF00BF0837CB
:105E0000BD4680BD80B586B000AF0346B9607A60FC
:105E1000FB81FFF763FF78617A68B9687869FFF7FB
:105E2000B3FF0246B7F90E3011461846FFF782FF5E
:105E300000BF1837BD4680BD80B582B000AF0346B5
:105E4000FB80B7F906301846FFF756FF00BF08374A
:105E5000BD4680BD80B400AFBFF35F8F00BF074B6E
:105E60005B6A064A23F480335362054B00225A6072
:105E700000BFBD465DF8047B704700BF00ED00E049
:105E800090ED00E080B483B000AF78600B4A7B688F
:105E900043F0010353600A4B5B6A094A43F48033C1
:105EA0005362BFF34F8F00BFBFF36F8F00BF00BFC0
:105EB0000C37BD465DF8047B704700BF90ED00E0F5
:105EC00000ED00E080B483B000AF78607B685A7862
:105ED0001B4B9A601A4B1B69194A23F0010313618B
:105EE000174A7B685B68D3607B681B7B1A077B68FB
:105EF000DB7A1B061A437B689B7ADB041A437B68B8
:105F00005B7B9B041A437B689B7B5B041A437B6827
:105F1000DB7B1B041A437B685B7A1B021A437B689A
:105F20001B7A5B0013437A6812781146044A0B43CC
:105F3000136100BF0C37BD465DF8047B704700BF9E
:105F400090ED00E080B586B000AF7860FFF772FE9C
:105F500038617B68002B01D1012312E37B681B6849
:105F6000664A93424AD07B681B68654A934245D093
:105F70007B681B68634A934240D07B681B68624A17
:105F800093423BD07B681B68604A934236D07B6863
:105F90001B685F4A934231D07B681B685D4A93421D
:105FA0002CD07B681B685C4A934227D07B681B68B7
:105FB0005A4A934222D07B681B68594A93421DD0AB
:105FC0007B681B68574A934218D07B681B68564A07
:105FD000934213D07B681B68544A93420ED07B686F
:105FE0001B68534A934209D07B681B68514A93420D
:105FF00004D07B681B68504A934201D1012300E022
:106000000023002B00F03C817B68022283F83520BE
:106010007B68002283F834207B681B68374A9342F0
:106020004AD07B681B68364A934245D07B681B6820
:10603000344A934240D07B681B68334A93423BD03A
:106040007B681B68314A934236D07B681B68304AB4
:10605000934231D07B681B682E4A93422CD07B68D8
:106060001B682D4A934227D07B681B682B4A9342BA
:1060700022D07B681B682A4A93421DD07B681B682C
:10608000284A934218D07B681B68274A934213D052
:106090007B681B68254A93420ED07B681B68244AA4
:1060A000934209D07B681B68224A934204D07B68E4
:1060B0001B68214A934208D17B681B681A687B6879
:1060C0001B6822F001021A6007E07B681B681A68EF
:1060D0007B681B6822F001021A602FE0FFF7AAFD1F
:1060E00002463B69D31A052B28D97B6820225A65C2
:1060F0007B68032283F83520012342E2100002402E
:106100002800024040000240580002407000024057
:1061100088000240A0000240B80002401004024083
:106120002804024040040240580402407004024027
:1061300088040240A0040240B80402407B681B6847
:106140001B6803F00103002BC8D17B681B681B6828
:106150007B617A69834B13407B617B689A687B68BB
:10616000DB681A437B681B691A437B685B691A43C7
:106170007B689B691A437B68DB691A437B681B6AEF
:1061800013437A6913437B617B685B6A042B07D1F5
:106190007B68DA6A7B681B6B13437A6913437B6104
:1061A0007B685B68282B03D97B685B682E2B1FD923
:1061B0007B685B683E2B03D97B685B68422B17D9F1
:1061C0007B685B68462B03D97B685B68482B0FD9DB
:1061D0007B685B684E2B03D97B685B68522B07D9C1
:1061E0007B685B68732B05D97B685B68772B01D86C
:1061F000012300E00023002B03D07B6943F48013CC
:106200007B617B681B687A691A607B681B685B69C5
:106210007B617B6923F007037B617B685B6A7A693A
:1062200013437B617B685B6A042B17D17B689B6A95
:106230007A6913437B617B68DB6A002B0ED0786838
:1062400001F018FF0346002B08D07B6840225A65F6
:106250007B68012283F83520012392E17B681B686B
:106260007A695A61786801F053FE0346BB607B6827
:10627000DB6D03F01F033F229A40BB689A60C8E0C1
:106280007B681B68384A934222D07B681B68374A78
:1062900093421DD07B681B68354A934218D07B68B7
:1062A0001B68344A934213D07B681B68324A93427E
:1062B0000ED07B681B68314A934209D07B681B680B
:1062C0002F4A934204D07B681B682E4A934201D127
:1062D000012300E00023002B00F092807B681B6804
:1062E000214A934221D07B681B68204A93421CD0EC
:1062F0007B681B681E4A934217D07B681B681D4A47
:10630000934212D07B681B681B4A93420DD07B6876
:106310001B681A4A934208D07B681B68184A93424C
:1063200003D07B681B68174A93427B68022283F87C
:1063300035207B68002283F834207B681B681B684B
:106340007B617A69104B13407B617B689B68402BB3
:106350001CD07B689B68802B02D14FF4804316E0F1
:10636000002314E03F8010FE085402581C540258C9
:106370003054025844540258585402586C5402582D
:1063800080540258945402580F00FEFF10237A687C
:10639000D268D2081A437B681B69DB081A437B6802
:1063A0005B69DB081A437B689B69DB081A437B68DF
:1063B000DB69DB081A437B681B6A1B0913437A6994
:1063C00013437B617B681B687A691A607B681B6872
:1063D0001A466E4B13446E4AA2FB03231B099A0014
:1063E0007B68DA65786801F093FD0346FB607B68A3
:1063F000DB6D03F01F0301229A40FB685A6008E03E
:106400007B6840225A657B68032283F8352001238C
:10641000B7E07B681B685F4A934272D07B681B6859
:106420005D4A93426DD07B681B685C4A934268D09A
:106430007B681B685A4A934263D07B681B68594A41
:1064400093425ED07B681B68574A934259D07B6861
:106450001B68564A934254D07B681B68544A934247
:106460004FD07B681B68534A93424AD07B681B68B5
:10647000514A934245D07B681B68504A934240D0B2
:106480007B681B684E4A93423BD07B681B684D4A31
:10649000934236D07B681B684B4A934231D07B686D
:1064A0001B684A4A93422CD07B681B68484A934237
:1064B00027D07B681B68474A934222D07B681B68C1
:1064C000454A93421DD07B681B68444A934218D0CA
:1064D0007B681B68424A934213D07B681B68414A21
:1064E00093420ED07B681B683F4A934209D07B6879
:1064F0001B683E4A934204D07B681B683C4A934227
:1065000001D1012300E00023002B32D0786801F094
:106510002DFE7B689B68802B02D17B6800225A602D
:106520007B685A687B681B6ED2B21A607B685B6EB0
:106530007A68926E5A607B685B68002B10D07B682B
:106540005B68082B0CD8786801F0AAFE7B68DB6ECC
:1065500000221A607B681B6F7A68526F5A6008E0ED
:106560007B680022DA667B6800221A677B6800225B
:106570005A677B6800225A657B68012283F83520C0
:10658000002318461837BD4680BD00BFF8ABFDA7F5
:10659000CDCCCCCC1000024028000240400002408C
:1065A000580002407000024088000240A0000240F3
:1065B000B800024010040240280402404004024097
:1065C000580402407004024088040240A0040240C3
:1065D000B8040240085402581C540258305402585F
:1065E00044540258585402586C540258805402586B
:1065F0009454025880B586B000AF7860FFF71AFB5C
:1066000038617B68002B01D10123DCE27B6893F8C1
:106610003530DBB2022B08D07B6880225A657B685C
:10662000002283F834200123CDE27B681B68764A80
:1066300093424AD07B681B68744A934245D07B687A
:106640001B68734A934240D07B681B68714A93422F
:106650003BD07B681B68704A934236D07B681B68CE
:106660006E4A934231D07B681B686D4A93422CD0AE
:106670007B681B686B4A934227D07B681B686A4A19
:10668000934222D07B681B68684A93421DD07B6886
:106690001B68674A934218D07B681B68654A93421F
:1066A00013D07B681B68644A93420ED07B681B68DA
:1066B000624A934209D07B681B68614A934204D0C6
:1066C0007B681B685F4A934201D1012300E00023ED
:1066D000002B13D07B681B681A687B681B6822F04C
:1066E0001E021A607B681B685A697B681B6822F06F
:1066F00080025A617B681B687B610AE07B681B68CB
:106700001A687B681B6822F00E021A607B681B689F
:106710007B617B681B683C4A934272D07B681B6834
:106720003A4A93426DD07B681B68394A934268D0DD
:106730007B681B68374A934263D07B681B68364A84
:1067400093425ED07B681B68344A934259D07B6881
:106750001B68334A934254D07B681B68314A93428A
:106760004FD07B681B68304A93424AD07B681B68D5
:106770002E4A934245D07B681B682D4A934240D0F5
:106780007B681B682B4A93423BD07B681B682A4A74
:10679000934236D07B681B68284A934231D07B688D
:1067A0001B68274A93422CD07B681B68254A93427A
:1067B00027D07B681B68244A934222D07B681B68E1
:1067C000224A93421DD07B681B68214A934218D00D
:1067D0007B681B681F4A934213D07B681B681E4A64
:1067E00093420ED07B681B681C4A934209D07B6899
:1067F0001B681B4A934204D07B681B68194A93426A
:1068000032D1012331E000BF1000024028000240D5
:1068100040000240580002407000024088000240E0
:10682000A0000240B80002401004024028040240C8
:1068300040040240580402407004024088040240B0
:10684000A0040240B8040240085402581C540258E4
:106850003054025844540258585402586C54025848
:1068600080540258945402580023002B07D07B68B0
:106870001B6E1A687B681B6E22F480721A607B683C
:106880001B686D4A93424AD07B681B686B4A9342EF
:1068900045D07B681B686A4A934240D07B681B687E
:1068A000684A93423BD07B681B68674A934236D064
:1068B0007B681B68654A934231D07B681B68644AD9
:1068C00093422CD07B681B68624A934227D07B6836
:1068D0001B68614A934222D07B681B685F4A9342DF
:1068E0001DD07B681B685E4A934218D07B681B688A
:1068F0005C4A934213D07B681B685B4A93420ED07C
:106900007B681B68594A934209D07B681B68584AC8
:10691000934204D07B681B68564A934208D17B6837
:106920001B681A687B681B6822F001021A6007E086
:106930007B681B681A687B681B6822F001021A607A
:1069400013E0FFF777F902463B69D31A052B0CD900
:106950007B6820225A657B68032283F835207B6898
:10696000002283F8342001232DE17B691B6803F0AA
:106970000103002BE5D17B681B682F4A93424AD064
:106980007B681B682D4A934245D07B681B682C4A64
:10699000934240D07B681B682A4A93423BD07B6875
:1069A0001B68294A934236D07B681B68274A93426A
:1069B00031D07B681B68264A93422CD07B681B68C9
:1069C000244A934227D07B681B68234A934222D0F3
:1069D0007B681B68214A93421DD07B681B68204A54
:1069E000934218D07B681B681E4A934213D07B6881
:1069F0001B681D4A93420ED07B681B681B4A93425A
:106A000009D07B681B681A4A934204D07B681B68D4
:106A1000184A934201D1012300E00023002B2BD020
:106A20007B689B6DBB607B68DB6D03F01F033F22BF
:106A30009A40BB689A602AE0100002402800024099
:106A400040000240580002407000024088000240AE
:106A5000A0000240B8000240100402402804024096
:106A6000400402405804024070040240880402407E
:106A7000A0040240B80402407B689B6DFB607B6809
:106A8000DB6D03F01F0301229A40FB685A607B68AC
:106A90001B684F4A934272D07B681B684D4A9342F1
:106AA0006DD07B681B684C4A934268D07B681B683A
:106AB0004A4A934263D07B681B68494A93425ED03E
:106AC0007B681B68474A934259D07B681B68464ADB
:106AD000934254D07B681B68444A93424FD07B68F2
:106AE0001B68434A93424AD07B681B68414A9342E1
:106AF00045D07B681B68404A934240D07B681B6846
:106B00003E4A93423BD07B681B683D4A934236D055
:106B10007B681B683B4A934231D07B681B683A4ACA
:106B200093422CD07B681B68384A934227D07B68FD
:106B30001B68374A934222D07B681B68354A9342D0
:106B40001DD07B681B68344A934218D07B681B6851
:106B5000324A934213D07B681B68314A93420ED06D
:106B60007B681B682F4A934209D07B681B682E4ABA
:106B7000934204D07B681B682C4A934201D10123C5
:106B800000E00023002B15D07B685B6E7A68926E64
:106B90005A607B68DB6E002B0CD07B68DB6E1A685A
:106BA0007B68DB6E22F480721A607B681B6F7A68E8
:106BB000526F5A607B68012283F835207B6800227F
:106BC00083F83420002318461837BD4680BD00BF27
:106BD00010000240280002404000024058000240DD
:106BE0007000024088000240A0000240B80002404D
:106BF00010040240280402404004024058040240AD
:106C00007004024088040240A0040240B80402401C
:106C1000085402581C540258305402584454025824
:106C2000585402586C5402588054025894540258D4
:106C300080B584B000AF78607B68002B01D1012360
:106C400037E27B6893F83530DBB2022B04D07B68E7
:106C500080225A6501232CE27B681B685C4A9342C0
:106C60004AD07B681B685B4A934245D07B681B68AF
:106C7000594A934240D07B681B68584A93423BD0A4
:106C80007B681B68564A934236D07B681B68554A1E
:106C9000934231D07B681B68534A93422CD07B6867
:106CA0001B68524A934227D07B681B68504A934224
:106CB00022D07B681B684F4A93421DD07B681B68BB
:106CC0004D4A934218D07B681B684C4A934213D0BC
:106CD0007B681B684A4A93420ED07B681B68494A0E
:106CE000934209D07B681B68474A934204D07B6873
:106CF0001B68464A934201D1012300E00023002B88
:106D000000F086807B68042283F835207B681B684E
:106D10002F4A93424AD07B681B682E4A934245D043
:106D20007B681B682C4A934240D07B681B682B4AC7
:106D300093423BD07B681B68294A934236D07B68DC
:106D40001B68284A934231D07B681B68264A9342CD
:106D50002CD07B681B68254A934227D07B681B6830
:106D6000234A934222D07B681B68224A93421DD05B
:106D70007B681B68204A934218D07B681B681F4AB7
:106D8000934213D07B681B681D4A93420ED07B68E8
:106D90001B681C4A934209D07B681B681A4A9342BD
:106DA00004D07B681B68194A934208D17B681B6832
:106DB0001A687B681B6822F001021A6078E17B6820
:106DC0001B681A687B681B6822F001021A606FE179
:106DD00010000240280002404000024058000240DB
:106DE0007000024088000240A0000240B80002404B
:106DF00010040240280402404004024058040240AB
:106E00007004024088040240A0040240B80402401A
:106E10007B681B681A687B681B6822F00E021A6088
:106E20007B681B686C4A93424AD07B681B686B4A3C
:106E3000934245D07B681B68694A934240D07B6887
:106E40001B68684A93423BD07B681B68664A934242
:106E500036D07B681B68654A934231D07B681B68DB
:106E6000634A93422CD07B681B68624A934227D0C6
:106E70007B681B68604A934222D07B681B685F4A2C
:106E800093421DD07B681B685D4A934218D07B6893
:106E90001B685C4A934213D07B681B685A4A934232
:106EA0000ED07B681B68594A934209D07B681B68E7
:106EB000574A934204D07B681B68564A934208D1D4
:106EC0007B681B681A687B681B6822F001021A60E5
:106ED00007E07B681B681A687B681B6822F0010268
:106EE0001A607B681B683C4A934272D07B681B68BF
:106EF0003A4A93426DD07B681B68394A934268D006
:106F00007B681B68374A934263D07B681B68364AAC
:106F100093425ED07B681B68344A934259D07B68A9
:106F20001B68334A934254D07B681B68314A9342B2
:106F30004FD07B681B68304A93424AD07B681B68FD
:106F40002E4A934245D07B681B682D4A934240D01D
:106F50007B681B682B4A93423BD07B681B682A4A9C
:106F6000934236D07B681B68284A934231D07B68B5
:106F70001B68274A93422CD07B681B68254A9342A2
:106F800027D07B681B68244A934222D07B681B6809
:106F9000224A93421DD07B681B68214A934218D035
:106FA0007B681B681F4A934213D07B681B681E4A8C
:106FB00093420ED07B681B681C4A934209D07B68C1
:106FC0001B681B4A934204D07B681B68194A934292
:106FD00032D1012331E000BF1000024028000240FE
:106FE0004000024058000240700002408800024009
:106FF000A0000240B80002401004024028040240F1
:1070000040040240580402407004024088040240D8
:10701000A0040240B8040240085402581C5402580C
:107020003054025844540258585402586C54025870
:1070300080540258945402580023002B28D07B68B7
:107040001B6E1A687B681B6E22F480721A607B6864
:107050009B6DFB607B68DB6D03F01F0301229A4090
:10706000FB685A607B685B6E7A68926E5A607B68D8
:10707000DB6E002B0CD07B68DB6E1A687B68DB6EE6
:1070800022F480721A607B681B6F7A68526F5A60B4
:107090007B68012283F835207B68002283F8342046
:1070A0007B681B6D002B03D07B681B6D786898474D
:1070B000002318461037BD4680BD00BF80B58AB09A
:1070C00000AF78600023FB60674B1B68674AA2FB38
:1070D00003239B0A7B627B689B6D3B627B689B6D95
:1070E000FB613B6A1B68BB61FB691B687B617B685A
:1070F0001B685F4A93424AD07B681B685D4A934293
:1071000045D07B681B685C4A934240D07B681B6813
:107110005A4A93423BD07B681B68594A934236D007
:107120007B681B68574A934231D07B681B68564A7C
:1071300093422CD07B681B68544A934227D07B68CB
:107140001B68534A934222D07B681B68514A934282
:107150001DD07B681B68504A934218D07B681B681F
:107160004E4A934213D07B681B684D4A93420ED01F
:107170007B681B684B4A934209D07B681B684A4A6C
:10718000934204D07B681B68484A934201D1012393
:1071900000E00023002B00F02B847B68DB6D03F004
:1071A0001F0308229A40BB691340002B00F0A28005
:1071B0007B681B682E4A93424AD07B681B682D4A25
:1071C000934245D07B681B682B4A934240D07B6832
:1071D0001B682A4A93423BD07B681B68284A93422B
:1071E00036D07B681B68274A934231D07B681B6886
:1071F000254A93422CD07B681B68244A934227D0AF
:107200007B681B68224A934222D07B681B68214A14
:1072100093421DD07B681B681F4A934218D07B683D
:107220001B681E4A934213D07B681B681C4A93421A
:107230000ED07B681B681B4A934209D07B681B6891
:10724000194A934204D07B681B68184A93422FD195
:107250007B681B681B6803F00403002B14BF012329
:107260000023DBB22EE000BF54010024B5814E1B89
:107270001000024028000240400002405800024036
:107280007000024088000240A0000240B8000240A6
:107290001004024028040240400402405804024006
:1072A0007004024088040240A0040240B804024076
:1072B0007B681B681B6803F00803002B14BF0123C5
:1072C0000023DBB2002B15D07B681B681A687B6833
:1072D0001B6822F004021A607B68DB6D03F01F0359
:1072E00008229A403B6A9A607B685B6D43F001021A
:1072F0007B685A657B68DB6D03F01F03BA6922FA6D
:1073000003F303F00103002B6ED07B681B68694A0E
:1073100093424AD07B681B68674A934245D07B689A
:107320001B68664A934240D07B681B68644A93425C
:107330003BD07B681B68634A934236D07B681B68EE
:10734000614A934231D07B681B68604A93422CD0DB
:107350007B681B685E4A934227D07B681B685D4A46
:10736000934222D07B681B685B4A93421DD07B68A6
:107370001B685A4A934218D07B681B68584A93424C
:1073800013D07B681B68574A93420ED07B681B68FA
:10739000554A934209D07B681B68544A934204D0F3
:1073A0007B681B68524A93420AD17B681B685B6901
:1073B00003F08003002B14BF01230023DBB203E0A2
:1073C0007B681B681B680023002B0DD07B68DB6D7E
:1073D00003F01F0301229A403B6A9A607B685B6D51
:1073E00043F002027B685A657B68DB6D03F01F0384
:1073F00004229A40BB691340002B00F08F807B6809
:107400001B682C4A93424AD07B681B682A4A9342E5
:1074100045D07B681B68294A934240D07B681B6833
:10742000274A93423BD07B681B68264A934236D05A
:107430007B681B68244A934231D07B681B68234ACF
:1074400093422CD07B681B68214A934227D07B68EB
:107450001B68204A934222D07B681B681E4A9342D5
:107460001DD07B681B681D4A934218D07B681B683F
:107470001B4A934213D07B681B681A4A93420ED072
:107480007B681B68184A934209D07B681B68174ABF
:10749000934204D07B681B68154A93422AD17B68CB
:1074A0001B681B6803F00203002B14BF0123002399
:1074B000DBB223E0100002402800024040000240FE
:1074C000580002407000024088000240A0000240C4
:1074D000B800024010040240280402404004024068
:1074E000580402407004024088040240A004024094
:1074F000B80402407B681B681B680023002B0DD07A
:107500007B68DB6D03F01F0304229A403B6A9A609C
:107510007B685B6D43F004027B685A657B68DB6DBA
:1075200003F01F0310229A40BB691340002B00F0A8
:10753000A6807B681B68854A93424AD07B681B689B
:10754000834A934245D07B681B68824A934240D06D
:107550007B681B68804A93423BD07B681B687F4AEC
:10756000934236D07B681B687D4A934231D07B685A
:107570001B687C4A93422CD07B681B687A4A9342F2
:1075800027D07B681B68794A934222D07B681B68AE
:10759000774A93421DD07B681B68764A934218D085
:1075A0007B681B68744A934213D07B681B68734ADC
:1075B00093420ED07B681B68714A934209D07B6866
:1075C0001B68704A934204D07B681B686E4A9342E2
:1075D0000AD17B681B681B6803F00803002B14BFEB
:1075E00001230023DBB209E07B681B681B6803F002
:1075F0000403002B14BF01230023DBB2002B3ED079
:107600007B68DB6D03F01F0310229A403B6A9A608F
:107610007B681B681B6803F48023002B18D07B68F1
:107620001B681B6803F40023002B08D17B681B6CCC
:10763000002B24D07B681B6C786898471FE07B6820
:107640009B6C002B1BD07B689B6C7868984716E07E
:107650007B681B681B6803F48073002B07D17B6871
:107660001B681A687B681B6822F008021A607B6836
:107670001B6C002B03D07B681B6C786898477B6879
:10768000DB6D03F01F0320229A40BB691340002BDF
:1076900000F010817B681B682C4A93424AD07B68BB
:1076A0001B682B4A934245D07B681B68294A93424A
:1076B00040D07B681B68284A93423BD07B681B689C
:1076C000264A934236D07B681B68254A934231D0C4
:1076D0007B681B68234A93422CD07B681B68224A34
:1076E000934227D07B681B68204A934222D07B6854
:1076F0001B681F4A93421DD07B681B681D4A93423A
:1077000018D07B681B681C4A934213D07B681B68A7
:107710001A4A93420ED07B681B68194A934209D0DB
:107720007B681B68174A934204D07B681B68164A23
:1077300093422BD17B681B681B6803F01003002B5E
:1077400014BF01230023DBB22AE000BF1000024077
:1077500028000240400002405800024070000240F1
:1077600088000240A0000240B8000240100402401D
:1077700028040240400402405804024070040240C1
:1077800088040240A0040240B80402407B681B68E1
:107790001B6803F00203002B14BF01230023DBB29C
:1077A000002B00F087807B68DB6D03F01F03202235
:1077B0009A403B6A9A607B6893F83530DBB2042BC1
:1077C00039D17B681B681A687B681B6822F0160237
:1077D0001A607B681B685A697B681B6822F080020C
:1077E0005A617B681B6C002B03D17B689B6C002B60
:1077F00007D07B681B681A687B681B6822F0080248
:107800001A607B68DB6D03F01F033F229A403B6ADE
:107810009A607B68012283F835207B68002283F818
:1078200034207B681B6D002B00F04A837B681B6D46
:107830007868984744E37B681B681B6803F48023DF
:10784000002B18D07B681B681B6803F40023002BF7
:1078500008D17B685B6C002B2CD07B685B6C7868F4
:10786000984727E07B68DB6B002B23D07B68DB6BC2
:10787000786898471EE07B681B681B6803F4807378
:10788000002B0FD17B681B681A687B681B6822F08D
:1078900010021A607B68012283F835207B68002281
:1078A00083F834207B68DB6B002B03D07B68DB6BB9
:1078B000786898477B685B6D002B00F006837B68D7
:1078C0005B6D03F00103002B00F088807B680422CD
:1078D00083F835207B681B687A4A93424AD07B68DC
:1078E0001B68794A934245D07B681B68774A93426C
:1078F00040D07B681B68764A93423BD07B681B680C
:10790000744A934236D07B681B68734A934231D0E5
:107910007B681B68714A93422CD07B681B68704A55
:10792000934227D07B681B686E4A934222D07B68C3
:107930001B686D4A93421DD07B681B686B4A93425B
:1079400018D07B681B686A4A934213D07B681B6817
:10795000684A93420ED07B681B68674A934209D0FD
:107960007B681B68654A934204D07B681B68644A45
:10797000934208D17B681B681A687B681B6822F0F9
:1079800001021A6007E07B681B681A687B681B6845
:1079900022F001021A60FB680133FB607A6A9A42A6
:1079A00007D37B681B681B6803F00103002BF2D12F
:1079B00000E000BF7B681B681B6803F00103002B1D
:1079C00004D07B68032283F8352003E07B68012222
:1079D00083F835207B68002283F834207B68DB6CD9
:1079E000002B00F072827B68DB6C786898476CE251
:1079F0007B681B68434A934222D07B681B68424ADB
:107A000093421DD07B681B68404A934218D07B6824
:107A10001B683F4A934213D07B681B683D4A9342E0
:107A20000ED07B681B683C4A934209D07B681B6878
:107A30003A4A934204D07B681B68394A934201D189
:107A4000012300E00023002B00F03F827B681B68CD
:107A50001B683B617B68DB6D03F01F0304229A40C7
:107A60007B691340002B00F0CD803B6903F00403D9
:107A7000002B00F0C7807B68DB6D03F01F0304223E
:107A80009A40FB695A603B6903F40043002B49D0DC
:107A90003B6903F48033002B09D17B689B6C002B7E
:107AA00000F010827B689B6C786898470AE27B68DC
:107AB0001B6C002B00F006827B681B6C7868984773
:107AC00000E200BF100002402800024040000240D7
:107AD000580002407000024088000240A0000240AE
:107AE000B800024010040240280402404004024052
:107AF000580402407004024088040240A00402407E
:107B0000B8040240085402581C5402583054025819
:107B100044540258585402586C5402588054025825
:107B2000945402583B6903F02003002B60D17B681A
:107B30001B687F4A93424AD07B681B687D4A934208
:107B400045D07B681B687C4A934240D07B681B68A9
:107B50007A4A93423BD07B681B68794A934236D07D
:107B60007B681B68774A934231D07B681B68764AF2
:107B700093422CD07B681B68744A934227D07B6861
:107B80001B68734A934222D07B681B68714A9342F8
:107B90001DD07B681B68704A934218D07B681B68B5
:107BA0006E4A934213D07B681B686D4A93420ED095
:107BB0007B681B686B4A934209D07B681B686A4AE2
:107BC000934204D07B681B68684A934208D17B6863
:107BD0001B681A687B681B6822F008021A6007E0BD
:107BE0007B681B681A687B681B6822F004021A60B5
:107BF0007B681B6C002B00F065817B681B6C7868D0
:107C000098475FE17B68DB6D03F01F0302229A4017
:107C10007B691340002B00F0C5803B6903F0020331
:107C2000002B00F0BF807B68DB6D03F01F03022296
:107C30009A40FB695A603B6903F40043002B18D05B
:107C40003B6903F48033002B09D17B685B6C002B0C
:107C500000F03A817B685B6C7868984734E17B6818
:107C6000DB6B002B00F030817B68DB6B786898471A
:107C70002AE13B6903F02003002B40F089807B68F8
:107C80001B682B4A93424AD07B681B68294A93425F
:107C900045D07B681B68284A934240D07B681B68AC
:107CA000264A93423BD07B681B68254A934236D0D4
:107CB0007B681B68234A934231D07B681B68224A49
:107CC00093422CD07B681B68204A934227D07B6864
:107CD0001B681F4A934222D07B681B681D4A93424F
:107CE0001DD07B681B681C4A934218D07B681B68B8
:107CF0001A4A934213D07B681B68194A93420ED0EC
:107D00007B681B68174A934209D07B681B68164A38
:107D1000934204D07B681B68144A934228D17B6845
:107D20001B681A687B681B6822F014021A6027E03F
:107D3000100002402800024040000240580002406B
:107D40007000024088000240A0000240B8000240DB
:107D5000100402402804024040040240580402403B
:107D60007004024088040240A0040240B8040240AB
:107D70007B681B681A687B681B6822F00A021A601D
:107D80007B68012283F835207B68002283F8342049
:107D90007B68DB6B002B00F097807B68DB6B78687F
:107DA000984791E07B68DB6D03F01F0308229A403F
:107DB0007B691340002B00F088803B6903F00803C7
:107DC000002B00F082807B681B68414A93424AD0B6
:107DD0007B681B683F4A934245D07B681B683E4ADC
:107DE000934240D07B681B683C4A93423BD07B68FF
:107DF0001B683B4A934236D07B681B68394A9342E2
:107E000031D07B681B68384A93422CD07B681B6852
:107E1000364A934227D07B681B68354A934222D06A
:107E20007B681B68334A93421DD07B681B68324ACB
:107E3000934218D07B681B68304A934213D07B680A
:107E40001B682F4A93420ED07B681B682D4A9342D1
:107E500009D07B681B682C4A934204D07B681B685E
:107E60002A4A934208D17B681B681A687B681B68A2
:107E700022F01C021A6007E07B681B681A687B68A6
:107E80001B6822F00E021A607B68DB6D03F01F0393
:107E900001229A40FB695A607B6801225A657B681F
:107EA000012283F835207B68002283F834207B6828
:107EB000DB6C002B09D07B68DB6C7868984704E0AA
:107EC00000BF02E000BF00E000BF2837BD4680BD14
:107ED00010000240280002404000024058000240CA
:107EE0007000024088000240A0000240B80002403A
:107EF000100402402804024040040240580402409A
:107F00007004024088040240A0040240B804024009
:107F100080B485B000AF78607B681B68424A9342AA
:107F20004AD07B681B68414A934245D07B681B68F6
:107F30003F4A934240D07B681B683E4A93423BD005
:107F40007B681B683C4A934236D07B681B683B4A7F
:107F5000934231D07B681B68394A93422CD07B68AE
:107F60001B68384A934227D07B681B68364A934285
:107F700022D07B681B68354A93421DD07B681B6802
:107F8000334A934218D07B681B68324A934213D01D
:107F90007B681B68304A93420ED07B681B682F4A6F
:107FA000934209D07B681B682D4A934204D07B68BA
:107FB0001B682C4A934201D1012300E00023002BCF
:107FC00024D07B681B68DBB2103B274AA2FB03234B
:107FD0001B09FB60FB6803F00703244AD35C1A46C5
:107FE0007B68DA65FB68032B08D97B681B681A4637
:107FF0001F4B13401A1D7B689A650DE07B681B6858
:108000001A461B4B13407A68936505E07B681B6832
:1080100023F0FF027B689A657B689B6D18461437D6
:10802000BD465DF8047B7047100002402800024006
:1080300040000240580002407000024088000240A8
:10804000A0000240B8000240100402402804024090
:108050004004024058040240700402408804024078
:10806000A0040240B8040240ABAAAAAAB04E01087C
:1080700000FCFFFF80B485B000AF78600023FB7385
:108080007B689B69002B20D17B689B6A032B58D8A7
:1080900001A252F823F000BFA9800008BB800008AD
:1080A000A9800008438100087B68DB6A03F08073C5
:1080B000002B48D00123FB7345E07B68DB6AB3F1FA
:1080C000C07F42D10123FB733FE07B689B69B3F51E
:1080D000005F23D17B689B6A032B38D801A252F83A
:1080E00023F000BFF5800008FB800008F580000841
:1080F0000D8100080123FB7330E07B68DB6A03F02D
:108100008073002B25D00123FB7322E07B68DB6AA0
:10811000B3F1C07F1FD10123FB731CE07B689B6A16
:10812000022B02D9032B03D018E00123FB7315E0C7
:108130007B68DB6A03F08073002B0ED00123FB7396
:108140000BE000BF0AE000BF08E000BF06E000BF90
:1081500004E000BF02E000BF00E000BFFB7B184668
:108160001437BD465DF8047B704700BF80B485B00E
:1081700000AF78607B681B68BB607B681B68384A0F
:10818000934222D07B681B68364A93421DD07B689D
:108190001B68354A934218D07B681B68334A934268
:1081A00013D07B681B68324A93420ED07B681B68F1
:1081B000304A934209D07B681B682F4A934204D00F
:1081C0007B681B682D4A934201D1012300E0002304
:1081D000002B1AD07B681B68DBB2083B284AA2FB45
:1081E00003231B09FB60FA68264B13449B001A46C5
:1081F0007B681A667B68244A5A66FB6803F01F0393
:1082000001229A407B689A6624E07B681B68DBB297
:10821000103B1E4AA2FB03231B09FB60BB681C4AE0
:10822000934206D8BB681B4A934202D9FB680833C5
:10823000FB60FA68184B13449B001A467B681A6669
:108240007B68164A5A66FB6803F01F0301229A40B6
:108250007B689A6600BF1437BD465DF8047B7047A3
:10826000085402581C5402583054025844540258BE
:10827000585402586C54025880540258945402586E
:10828000CDCCCCCC0096001680580258ABAAAAAA36
:10829000B80402400F04024000820010800802402F
:1082A00080B485B000AF78607B685B68DBB2FB6050
:1082B000FB68002B4AD0FB68082B47D87B681B68FB
:1082C000254A934222D07B681B68244A93421DD0E2
:1082D0007B681B68224A934218D07B681B68214A3E
:1082E000934213D07B681B681F4A93420ED07B6871
:1082F0001B681E4A934209D07B681B681C4A934244
:1083000004D07B681B681B4A934201D1012300E023
:108310000023002B0AD0FA68174B13449B001A461F
:108320007B68DA667B68154A1A6709E0FA68144BBD
:1083300013449B001A467B68DA667B68114A1A6709
:10834000FB68013B01229A407B685A6700BF1437E3
:10835000BD465DF8047B7047085402581C5402580F
:108360003054025844540258585402586C5402581D
:1083700080540258945402583F96001640590258AF
:108380003F8200104009024080B598B000AF78608D
:10839000844A07F10C0311464C22184609F076FC7A
:1083A0007B68002B01D10123C6E17B681B687E4AF4
:1083B000934206D17B681B6803F580731A467B687D
:1083C0005A607B6893F89830DBB2002B06D17B684B
:1083D000002283F899207868F8F7E4FB7B681B6833
:1083E0009A697B681B6822F010029A61FDF722FCF3
:1083F000F86514E0FDF71EFC0246FB6DD31A0A2B4C
:108400000DD97B68D3F89C3043F001027B68C3F838
:108410009C207B68032283F8982001238CE17B68F1
:108420001B689B6903F00803082BE3D07B681B687B
:108430009A697B681B6842F001029A61FDF7FAFBBA
:10844000F86514E0FDF7F6FB0246FB6DD31A0A2B24
:108450000DD97B68D3F89C3043F001027B68C3F8E8
:108460009C207B68032283F89820012364E17B68C9
:108470001B689B6903F00103002BE3D07B681B683A
:108480009A697B681B6842F002029A617B681B7CD8
:10849000012B08D17B681B689A697B681B6822F0F6
:1084A00040029A6107E07B681B689A697B681B68D9
:1084B00042F040029A617B685B7C012B08D17B68AB
:1084C0001B689A697B681B6842F480429A6107E0E6
:1084D0007B681B689A697B681B6822F480429A61FA
:1084E0007B689B7C012B08D17B681B689A697B6841
:1084F0001B6822F480529A6107E07B681B689A69C6
:108500007B681B6842F480529A617B681B689B6998
:1085100023F440717B689A687B681B680A439A6100
:108520007B681B689A697B681B6822F0A4029A61C9
:108530007B681B681A697B681B6822F010021A614D
:108540007B68DB68012B08D17B681B689A697B68B4
:108550001B6842F004029A6130E07B68DB68002B04
:108560002CD07B68DB68022B20D07B681B689A6963
:108570007B681B6842F080029A617B681B681A69FD
:108580007B681B6842F010021A617B68DB68032B72
:1085900014D17B681B689A697B681B6842F02002D3
:1085A0009A610BE0544D010800A000407B681B68F5
:1085B0009A697B681B6842F020029A617B689B691C
:1085C000013B5A067B68DB69013B1B021A437B684F
:1085D0001B6A013B42EA03017B685B69013B1A04A9
:1085E0007B681B680A43DA617B689B68B3F5407F50
:1085F00015D17B689B6A5A1E7B68DB6A013B1B02B4
:108600001A437B681B6B013B1B0142EA03017B6839
:108610005B6A013B1A047B681B680A43DA607B686B
:108620001B6E002B0AD07B681B68D3F8C0107B68D8
:108630005A6E7B681B680A43C3F8C0207B68DA6DFA
:108640007B681B6E1344002B11D07B681B68D3F82A
:10865000C83023F007017B689B6E9B0060333B446E
:1086600053F8542C7B681B680A43C3F8C8207B6806
:108670001B6C002B11D07B681B68D3F8BC3023F037
:1086800007017B685B6C9B0060333B4453F8542CC0
:108690007B681B680A43C3F8BC207B689B6C002B7B
:1086A00012D07B681B68D3F8BC3023F070017B6864
:1086B000DB6C9B0060333B4453F8543C1A017B68ED
:1086C0001B680A43C3F8BC207B681B6D002B12D0CB
:1086D0007B681B68D3F8BC3023F4E0617B685B6D7A
:1086E0009B0060333B4453F8543C1A027B681B6880
:1086F0000A43C3F8BC207B681B68114A934207D128
:108700007B685B689A687B685B6822F003029A600A
:108710007B680022C3F894207B680022C3F89C2069
:108720007B68012283F89820786800F009FE0346F0
:1087300087F85B3097F85B3018466037BD4680BDE0
:1087400000A0004080B487B000AF786039607B68DB
:1087500093F89830FB73FB7B012B02D0FB7B022B41
:1087600057D13B681B68002B2BD13B68DB68072B7C
:108770000DD13B681B691A043B68DB691B021A4375
:108780003B689B69134343F060537B610EE03B6899
:108790009B689A073B68DB68DB061A433B681B69EA
:1087A0001B041A433B685B6913437B617B68DA6E89
:1087B0003B685B689B001344BB60BB687A691A60C6
:1087C00025E03B68DB685A073B681B6913437B6104
:1087D0003B68DB68072B03D13B689B693B6106E084
:1087E0003B689B689A073B685B6913433B617B6806
:1087F0001A6F3B685B68DB001344BB60BB687A6937
:108800001A60BB680433BB60BB683A691A60002316
:1088100008E07B68D3F89C3043F002027B68C3F821
:108820009C20012318461C37BD465DF8047B704729
:1088300080B483B000AF78607B6893F89830DBB287
:10884000012B11D17B68022283F898207B681B687A
:108850009A697B681B6822F001029A617B6800229A
:10886000C3F89C20002308E07B68D3F89C3043F0D9
:1088700004027B68C3F89C20012318460C37BD46D0
:108880005DF8047B704780B586B000AFF860B960D2
:108890007A60FB6893F89830DBB2022B41D1FB6819
:1088A0001B68D3F8C03003F07C53002B09D1FB6860
:1088B000D3F89C3043F02002FB68C3F89C200123CE
:1088C00038E0FB681B68D3F8C43003F40013002BB6
:1088D00009D0FB68D3F89C3043F40072FB68C3F8FE
:1088E0009C20012326E0FB681B68D3F8C4301B0CD6
:1088F00003F01F037B617B697A68B968F86800F050
:10890000A5FEFB681B6801217A6901FA02F2C3F82F
:10891000D02001227B699A40FB68C3F89420002391
:1089200008E0FB68D3F89C3043F00802FB68C3F80A
:108930009C20012318461837BD4680BD80B48BB0FB
:1089400000AFF860B9607A603B600023FB61FB68B0
:1089500093F89830FB76FB7E022B40F04981BB6890
:10896000402B4CD1FB681B68D3F8A03003F4FE0306
:10897000002B09D1FB68D3F89C3043F02002FB6840
:10898000C3F89C2001233CE1FB681B68D3F8A430AA
:1089900003F07F03002B09D1FB68D3F89C3043F42C
:1089A0008072FB68C3F89C2001232AE1FB681B68E6
:1089B000D3F8A43003F08073B3F1807F0AD1FB6851
:1089C0001B68D3F8A03003F00043B3F1004F01D18E
:1089D0000123FB61FB681B68D3F8A4301B0A03F07A
:1089E0003F03FA691344FB61FB685A6FFB685B6CD9
:1089F000F96901FB03F39B0013447B6268E0BB68E9
:108A0000412B4CD1FB681B68D3F8B03003F4FE0354
:108A1000002B09D1FB68D3F89C3043F02002FB689F
:108A2000C3F89C200123ECE0FB681B68D3F8B4304A
:108A300003F07F03002B09D1FB68D3F89C3043F48B
:108A40008072FB68C3F89C200123DAE0FB681B6896
:108A5000D3F8B43003F08073B3F1807F0AD1FB68A0
:108A60001B68D3F8B03003F00043B3F1004F01D1DD
:108A70000123FB61FB681B68D3F8B4301B0A03F0C9
:108A80003F03FA691344FB61FB689A6FFB68DB6C78
:108A9000F96901FB03F39B0013447B6218E0FB6858
:108AA0001B6DBA689A4209D3FB68D3F89C3043F037
:108AB0002002FB68C3F89C200123A2E0FB68DA6F68
:108AC000FB685B6DB96801FB03F39B0013447B6299
:108AD0007B6A1B6803F080427B685A607B685B6836
:108AE000002B07D17B6A1B689B0CC3F30A027B68CF
:108AF0001A6005E07B6A1B6823F060427B681A609D
:108B00007B6A1B6803F000527B689A607B6A1B6873
:108B100003F000427B681A617B6A04337B627B6AE4
:108B20001B689AB27B68DA617B6A1B681B0C03F0D6
:108B30000F027B68DA607B6A1B6803F480127B6833
:108B40005A617B6A1B6803F400127B689A617B6A36
:108B50001B681B0E03F07F027B681A627B6A1B682E
:108B6000DA0F7B685A627B6A04337B627B6A7B61C3
:108B700000233B620AE07A693B6A1A4439683B6A1F
:108B80000B4412781A703B6A01333B627B68DB68E6
:108B90001F4AD35C1A463B6A9342ECD3BB68402B16
:108BA00005D1FB681B68FA69C3F8A8201EE0BB6802
:108BB000412B05D1FB681B68FA69C3F8B82015E0A2
:108BC000BB681F2B08D8FB681B680121BA6801FA33
:108BD00002F2C3F8982009E0BB6803F01F02FB68AB
:108BE0001B68012101FA02F2C3F89C20002308E06F
:108BF000FB68D3F89C3043F00802FB68C3F89C2064
:108C0000012318462C37BD465DF8047B704700BF32
:108C1000B84E010880B485B000AF78607B681B68EF
:108C2000D3F8C43003F03F03FB60FB6818461437E9
:108C3000BD465DF8047B704780B487B000AFF86034
:108C4000B9607A60FB6893F89830FB75FB7D012B67
:108C500002D0FB7D022B55D1FB681B689A6DBB6867
:108C60001340002B08D1FB681B68DA6DFB681B689A
:108C700042F00102DA6514E0FB681B689A6DBB687C
:108C80001340BA689A4208D1FB681B68DA6DFB682A
:108C90001B6842F00202DA6503E0FB681B680322EE
:108CA000DA65BB6803F40073002B09D0FB681B680E
:108CB000D3F8E010FB681B687A680A43C3F8E02029
:108CC000BB6803F48063002B09D0FB681B68D3F8F2
:108CD000E410FB681B687A680A43C3F8E420FB6869
:108CE0001B68596DBA680F4B1340FA6812680B4342
:108CF00053650D4B5A69BB689B0F0B4913434B617E
:108D0000002308E0FB68D3F89C3043F00202FB68C4
:108D1000C3F89C20012318461C37BD465DF8047B30
:108D2000704700BFFFFFCF3F00A8004080B596B05E
:108D300000AF78609A4B1B699B077B65984B5B691A
:108D40009B077A6D13407B657B681B681B6D03F482
:108D500070433B657B681B685B6D3A6D13403B65F8
:108D60007B681B681B6D03F00F03FB647B681B684B
:108D70005B6DFA6C1340FB647B681B681B6D03F032
:108D8000F003BB647B681B685B6DBA6C1340BB640B
:108D90007B681B681B6D03F071537B647B681B68E9
:108DA0005B6D7A6C13407B647B681B681B6D03F002
:108DB00060733B647B681B685B6D3A6C13403B647B
:108DC0007B681B685B6DFB637B681B681B6DBB630B
:108DD000FB6B1B0A03F00103002B10D0BB6B1B0ABB
:108DE00003F00103002B0AD07B681B684FF48072EC
:108DF0001A656B4B00221A61786800F054FAFB6B1D
:108E00009B0A03F00103002B1DD0BB6B9B0A03F0F0
:108E10000103002B17D07B681B68D3F8DC307B6321
:108E20007B681B68D3F8E4307A6B13407B637B6804
:108E30001B684FF480621A65594B00221A61796BE6
:108E4000786800F007FA7B6D002B0DD07B681A68FC
:108E5000796D544B0B401365514A7B6D9B0F136129
:108E6000796D786800F0C0F93B6D002B0DD07B6800
:108E70001A68396D4B4B0B401365494A3B6D9B0F8C
:108E80001361396D786800F0BAF9FB6C002B0DD0D6
:108E90007B681A68F96C434B0B401365404AFB6CC6
:108EA0009B0F1361F96C7868F7F7ECFEBB6C002B35
:108EB0000DD07B681A68B96C3A4B0B401365384A81
:108EC000BB6C9B0F1361B96C786800F0A3F9FB6B66
:108ED000DB0A03F00103002B10D0BB6BDB0A03F0AD
:108EE0000103002B0AD07B681B684FF400621A65EF
:108EF0002B4B00221A61786800F097F9FB6B5B0A34
:108F000003F00103002B1DD0BB6B5B0A03F00103D0
:108F1000002B17D07B681B68D3F8D8303B637B6885
:108F20001B68D3F8E0303A6B13403B637B681B68E7
:108F30004FF400721A651A4B00221A61396B786877
:108F400000F07DF9FB6BDB0C03F00103002B10D06C
:108F5000BB6BDB0C03F00103002B0AD07B681B68A2
:108F60004FF400221A650E4B00221A61786800F057
:108F70007CF9FB6B1B0C03F00103002B16D0BB6BC1
:108F80001B0C03F00103002B10D07B681B684FF40F
:108F900080321A65024B00221A61786804E000BF33
:108FA00000A80040FFFFCF3F00F069F9FB6B9B0C6E
:108FB00003F00103002B10D0BB6B9B0C03F00103EB
:108FC000002B0AD07B681B684FF480221A65834B04
:108FD00000221A61786800F05CF9FB6B5B0C03F00F
:108FE0000103002B15D0BB6B5B0C03F00103002BBE
:108FF0000FD07B681B684FF400321A65774B002254
:109000001A617B68D3F89C3043F080027B68C3F818
:109010009C203B6C002B0DD07B681A68396C704B20
:109020000B4013656D4A3B6C9B0F1361396C78687C
:1090300000F04DF97B6C002B11D07B681A68796CBD
:10904000674B0B401365654A7B6C9B0F13617B6814
:10905000D3F89C207B6C1A437B68C3F89C207B6808
:109060001B68604A934240F0AC807B685B689B68F9
:1090700003F00303002B00F0A4807B685B681B6A8D
:1090800003F00F03FB627B685B685B6AFA6A13405C
:10909000FB627B685B681B6A03F03003BB627B6822
:1090A0005B685B6ABA6A1340BB627B685B681B6A79
:1090B00003F4C0737B627B685B685B6A7A6A134007
:1090C0007B627B685B681B6A03F4FC433B627B68E2
:1090D0005B685B6A3A6A13403B627B685B681B6A49
:1090E00003F4F023FB617B685B685B6AFA691340F9
:1090F000FB617B685B685B6ABB617B685B681B6A62
:109100007B61FB6A002B07D07B685B68FA6A1A6296
:10911000F96A786800F0E6F8BB6A002B07D07B6834
:109120005B68BA6A1A62B96A786800F0E6F8BB69E7
:109130009B0903F00103002B1AD07B699B0903F004
:109140000103002B14D07B685B68DB6B1B0C9BB2AC
:109150003B617B685B68DB6B03F03F03FB607B6814
:109160005B6840221A62FA683969786800F0D0F8C2
:109170007B6A002B07D07B685B687A6A1A62796A1F
:10918000786800F0D1F83B6A002B0BD07B685B68F5
:109190003A6A1A627B68D3F89C203B6A1A437B6860
:1091A000C3F89C20FB69002B0BD07B685B68FA69D5
:1091B0001A627B68D3F89C20FB691A437B68C3F86A
:1091C0009C207B68D3F89C30002B02D0786800F09C
:1091D00074F800BF5837BD4680BD00BF00A80040EE
:1091E000FFFFCF3F00A0004080B483B000AF7860A5
:1091F000396000BF0C37BD465DF8047B704780B412
:1092000083B000AF7860396000BF0C37BD465DF8B1
:10921000047B704780B483B000AF7860396000BFD2
:109220000C37BD465DF8047B704780B483B000AF57
:10923000786000BF0C37BD465DF8047B704780B492
:1092400083B000AF7860396000BF0C37BD465DF871
:10925000047B704780B483B000AF7860396000BF92
:109260000C37BD465DF8047B704780B483B000AF17
:10927000786000BF0C37BD465DF8047B704780B452
:1092800083B000AF786000BF0C37BD465DF8047B4B
:10929000704780B483B000AF786000BF0C37BD4624
:1092A0005DF8047B704780B483B000AF786000BF86
:1092B0000C37BD465DF8047B704780B483B000AFC7
:1092C000786000BF0C37BD465DF8047B704780B402
:1092D00083B000AF7860396000BF0C37BD465DF8E1
:1092E000047B704780B483B000AF7860396000BF02
:1092F0000C37BD465DF8047B704780B483B000AF87
:109300007860396000BF0C37BD465DF8047B70475C
:1093100080B485B000AFF860B9607A6000BF1437E0
:10932000BD465DF8047B704780B483B000AF7860C1
:10933000396000BF0C37BD465DF8047B7047000004
:1093400080B485B000AF78607B685B6BBB607B6886
:109350001B68D3F88420A74B1340BA6891007A6841
:1093600012680B43C2F884307B681B68D3F88430E2
:1093700023F47F017B689B6B1A047B681B680A439C
:10938000C3F884207B689B6BBA681344BB607B681E
:109390001B68D3F88820974B1340BA6891007A680D
:1093A00012680B43C2F888307B681B68D3F888309A
:1093B00023F4FE017B68DB6B1A047B681B680A439D
:1093C000C3F888207B68DB6B5B00BA681344BB6022
:1093D0007B681B68D3F8A020864B1340BA689100C5
:1093E0007A6812680B43C2F8A0307B681B68D3F818
:1093F000A03023F4FE017B681B6C1A047B681B6899
:109400000A43C3F8A0207B681B6C7A68526C02FB8D
:1094100003F3BA681344BB607B681B68D3F8B020C1
:10942000744B1340BA6891007A6812680B43C2F813
:10943000B0307B681B68D3F8B03023F4FE017B6842
:109440009B6C1A047B681B680A43C3F8B0207B68D6
:109450009B6C7A68D26C02FB03F3BA681344BB605E
:109460007B681B68D3F8AC20624B1340BA6891004C
:109470007A6812680B43C2F8AC307B681B6D7A685F
:10948000526D02FB03F3BA681344BB607B681B6830
:10949000D3F8F020574B1340BA6891007A681268ED
:1094A0000B43C2F8F0307B681B68D3F8F03023F42C
:1094B0007C117B689B6D1A047B681B680A43C3F8A8
:1094C000F0207B689B6D5B00BA681344BB607B68CF
:1094D0001B68D3F8C020474B1340BA6891007A68E4
:1094E00012680B43C2F8C0307B681B68D3F8C030E9
:1094F00023F47C117B68DB6D1A047B681B680A43CC
:10950000C3F8C0207B681B68D3F8C03023F07C51BF
:109510007B681B6E1A067B681B680A43C3F8C02071
:109520007B685A6B344B13449A007B68DA667B681D
:10953000DA6E7B689B6B9B001A447B681A677B68BA
:109540001A6F7B68DB6BDB001A447B685A677B68A9
:109550005A6F7B681B6C7968496C01FB03F39B00B5
:109560001A447B689A677B689A6F7B689B6C796802
:10957000C96C01FB03F39B001A447B68DA677B68C4
:10958000DA6F7B681B6D7968496D01FB03F39B0003
:109590001A447B68C3F880207B68D3F880207B68FE
:1095A0009B6DDB001A447B68C3F884207B68D3F88A
:1095B00084207B68DB6D7968896E01FB03F39B0077
:1095C0001A447B68C3F888207B68D3F888207B68BE
:1095D0001B6E7968896E01FB03F39B001A447B685C
:1095E000C3F890207B68D3F89030044A934215D991
:1095F00006E000BF0300FFFF002B0010FCD300407B
:109600007B68D3F89C3043F020027B68C3F89C2031
:109610007B68032283F89820012310E07B68DB6ECF
:10962000FB6005E0FB6800221A60FB680433FB6006
:109630007B68D3F89030FA689A42F3D30023184637
:109640001437BD465DF8047B704700BF80B489B015
:1096500000AFF860B9607A603B60BB685B68002B64
:109660000AD1BB681A69BB689B681A43BB681B6850
:109670009B041343FB610AE0BB681A69BB689B68E3
:109680001A43BB681B68134343F08043FB61BB680C
:109690001B6A1A06BB68DB691A43BB689B691A43DD
:1096A000BB685B691A43BB68DB681B0413433B61FF
:1096B000FB68D3F88420FB689B6E396801FB03F3D9
:1096C0009B001344BB61BB69FA691A60BB69043330
:1096D000BB61BB693A691A60BB690433BB61002393
:1096E0007B6120E07B6903337A6813441B781A0698
:1096F0007B69023379680B441B781B041A437B692E
:10970000013379680B441B781B02134379687A692B
:109710000A4412781A43BB691A60BB690433BB61FF
:109720007B6904337B61BB68DB68064AD35C1A46FD
:109730007B699342D6D300BF00BF2437BD465DF896
:10974000047B7047B84E010880B489B000AF7860E0
:1097500039600023FB61864B7B618CE13B681A68B2
:109760000121FB6901FA03F313403B613B69002BC4
:1097700000F07E813B685B6803F00303012B05D09A
:109780003B685B6803F00303022B30D17B689B6866
:10979000BB61FB695B00032202FA03F3DB43BA6996
:1097A0001340BB613B68DA68FB695B0002FA03F3B4
:1097B000BA691343BB617B68BA699A607B685B686E
:1097C000BB610122FB6902FA03F3DB43BA69134070
:1097D000BB613B685B681B0903F00102FB6902FA8D
:1097E00003F3BA691343BB617B68BA695A603B688B
:1097F0005B6803F00303032B17D07B68DB68BB6156
:10980000FB695B00032202FA03F3DB43BA691340EE
:10981000BB613B689A68FB695B0002FA03F3BA69B3
:109820001343BB617B68BA69DA603B685B6803F02D
:109830000303022B23D1FB69DA087B68083253F853
:109840002230BB61FB6903F007039B000F2202FA81
:1098500003F3DB43BA691340BB613B681A69FB69D8
:1098600003F007039B0002FA03F3BA691343BB61D9
:10987000FB69DA087B680832B96943F822107B6813
:109880001B68BB61FB695B00032202FA03F3DB4345
:10989000BA691340BB613B685B6803F00302FB6974
:1098A0005B0002FA03F3BA691343BB617B68BA69D0
:1098B0001A603B685B6803F44033002B00F0D880EB
:1098C0002C4BD3F8F4302B4A43F00203C2F8F430A7
:1098D000284BD3F8F43003F00203FB60FB68264A00
:1098E000FB699B08023352F82330BB61FB6903F02C
:1098F00003039B000F2202FA03F3DB43BA69134010
:10990000BB617B681D4A93424AD07B681C4A9342E4
:109910002BD07B681B4A934225D07B681A4A93421E
:109920001FD07B68194A934219D07B68184A93422A
:1099300013D07B68174A93420DD07B68164A934236
:1099400007D07B68154A934201D1092329E00A23F5
:1099500027E0072325E0062323E0052321E0042355
:109960001FE003231DE002231BE0012319E000BFD9
:1099700080000058004402580004005800000258BB
:109980000004025800080258000C02580010025847
:109990000014025800180258001C025800240258F3
:1099A0000023FA6902F0030292009340BA6913435C
:1099B000BB613849FB699B080233BA6941F823202F
:1099C0004FF0B0431B68BB613B69DB43BA6913408E
:1099D000BB613B685B6803F48013002B03D0BA695A
:1099E0003B691343BB614FF0B042BB6913604FF05A
:1099F000B0435B68BB613B69DB43BA691340BB6141
:109A00003B685B6803F40013002B03D0BA693B6921
:109A10001343BB614FF0B042BB6953607B695B6825
:109A2000BB613B69DB43BA691340BB613B685B6860
:109A300003F40033002B03D0BA693B691343BB61C5
:109A40007B69BA695A607B691B68BB613B69DB4310
:109A5000BA691340BB613B685B6803F48033002B39
:109A600003D0BA693B691343BB617B69BA691A6069
:109A7000FB690133FB613B681A68FB6922FA03F357
:109A8000002B7FF46BAE00BF00BF2437BD465DF8EE
:109A9000047B70470004005880B487B000AF786042
:109AA000396000237B61724B3B61D3E001227B690B
:109AB00002FA03F33A681340FB60FB68002B00F0E6
:109AC000C6806C4A7B699B08023352F82330BB6026
:109AD0007B6903F003039B000F2202FA03F3BA68C9
:109AE0001340BB607B68644A934231D07B68634A11
:109AF00093422BD07B68624A934225D07B68614AAF
:109B000093421FD07B68604A934219D07B685F4ABA
:109B1000934213D07B685E4A93420DD07B685D4AC6
:109B2000934207D07B685C4A934201D1092310E03D
:109B30000A230EE007230CE006230AE0052308E0D1
:109B4000042306E0032304E0022302E0012300E0F3
:109B500000237A6902F0030292009340BA689A42A5
:109B600036D13B691A68FB68DB431A403B691A60CF
:109B70003B695A68FB68DB431A403B695A604FF007
:109B8000B0435A68FB68DB434FF0B04113404B6071
:109B90004FF0B0431A68FB68DB434FF0B04113400D
:109BA0000B607B6903F003039B000F2202FA03F3AF
:109BB000BB60304A7B699B08023352F82310BB68B4
:109BC000DA432C487B699B080A40023340F8232083
:109BD0007B681A687B695B00032101FA03F31A436F
:109BE0007B681A607B69DA087B68083253F82210B8
:109BF0007B6903F007039B000F2202FA03F3DB43A8
:109C00007A69D20819407B68083243F822107B68D1
:109C1000DA687B695B00032101FA03F3DB431A4036
:109C20007B68DA607B685A6801217B6901FA03F37B
:109C3000DB431A407B685A607B689A687B695B00EB
:109C4000032101FA03F3DB431A407B689A607B69C6
:109C500001337B613A687B6922FA03F3002B7FF4BE
:109C600025AF00BF00BF1C37BD465DF8047B7047C1
:109C700080000058000400580000025800040258F8
:109C800000080258000C0258001002580014025834
:109C900000180258001C02580024025880B485B0F5
:109CA00000AF78600B467B807B681A697B88134025
:109CB000002B02D00123FB7301E00023FB73FB7B2D
:109CC00018461437BD465DF8047B704780B584B0F4
:109CD00000AF7860194BDB6803F00403042B0AD053
:109CE000164BDB6803F007037A689A4201D0012320
:109CF0001FE000231DE0114BDB6823F007020F4932
:109D00007B681343CB60FBF795FFF86009E0FBF736
:109D100091FF0246FB68D31AB3F57A7F01D901237C
:109D200007E0064B5B6803F40053B3F5005FEED128
:109D3000002318461037BD4680BD00BF00480258BA
:109D400080B58CB000AF78607B68002B01D1012317
:109D5000C8E37B681B6803F00103002B00F08780D9
:109D6000884B1B6903F03803FB62864B9B6ABB621E
:109D7000FB6A102B07D0FB6A182B10D1BB6A03F0CB
:109D80000303022B0BD17F4B1B6803F40033002B22
:109D90006CD07B685B68002B68D10123A2E37B68F1
:109DA0005B68B3F5803F06D1764B1B68754A43F478
:109DB000803313602EE07B685B68002B0CD1714B05
:109DC0001B68704A23F4803313606E4B1B686D4A26
:109DD00023F4802313601DE07B685B68B3F5A02F3C
:109DE0000CD1684B1B68674A43F480231360654BB2
:109DF0001B68644A43F4803313600BE0614B1B68BB
:109E0000604A23F4803313605E4B1B685D4A23F481
:109E1000802313607B685B68002B13D0FBF70AFF7D
:109E2000786208E0FBF706FF02467B6AD31A642BD0
:109E300001D9032356E3534B1B6803F40033002B73
:109E4000F0D014E0FBF7F6FE786208E0FBF7F2FED4
:109E500002467B6AD31A642B01D9032342E3494BA0
:109E60001B6803F40033002BF0D100E000BF7B68D7
:109E70001B6803F00203002B00F08C80414B1B6930
:109E800003F038033B623F4B9B6AFB613B6A002B4C
:109E900007D03B6A182B37D1FB6903F00303002B73
:109EA00032D1384B1B6803F00403002B05D07B68CC
:109EB000DB68002B01D1012314E3324B1B6823F034
:109EC00019027B68DB682F4913430B60FBF7B2FE76
:109ED000786208E0FBF7AEFE02467B6AD31A022BDB
:109EE00001D90323FEE2274B1B6803F00403002B78
:109EF000F0D0244B5B6823F0FE427B681B691B0695
:109F0000204913434B6045E07B68DB68002B26D07B
:109F10001C4B1B6823F019027B68DB68194913434B
:109F20000B60FBF787FE786208E0FBF783FE0246D2
:109F30007B6AD31A022B01D90323D3E2114B1B688E
:109F400003F00403002BF0D00E4B5B6823F0FE42BD
:109F50007B681B691B060B4913434B601AE0094BD6
:109F60001B68084A23F001031360FBF763FE786265
:109F70000AE0FBF75FFE02467B6AD31A022B03D985
:109F80000323AFE200440258964B1B6803F004031E
:109F9000002BEED17B681B6803F01003002B6AD006
:109FA000904B1B6903F03803BB618E4B9B6A7B614E
:109FB000BB69082B07D0BB69182B1BD17B6903F049
:109FC0000303012B16D1874B1B6803F48073002B0E
:109FD00005D07B68DB69802B01D0012382E2814BB5
:109FE000DB6823F07C527B681B6A1B067D491343A8
:109FF000CB6040E07B68DB69002B23D0794B1B688A
:10A00000784A43F080031360FBF714FE786208E09F
:10A01000FBF710FE02467B6AD31A022B01D90323F9
:10A0200060E2704B1B6803F48073002BF0D06D4B23
:10A03000DB6823F07C527B681B6A1B06694913436B
:10A04000CB6018E0674B1B68664A23F080031360FF
:10A05000FBF7F0FD786208E0FBF7ECFD02467B6A57
:10A06000D31A022B01D903233CE25E4B1B6803F495
:10A070008073002BF0D17B681B6803F00803002B72
:10A0800036D07B685B69002B19D0564B5B6F554A05
:10A0900043F001035367FBF7CDFD786208E0FBF75F
:10A0A000C9FD02467B6AD31A022B01D9032319E2A8
:10A0B0004C4B5B6F03F00203002BF0D018E0494BD0
:10A0C0005B6F484A23F001035367FBF7B3FD7862E7
:10A0D00008E0FBF7AFFD02467B6AD31A022B01D9D9
:10A0E0000323FFE13F4B5B6F03F00203002BF0D132
:10A0F0007B681B6803F02003002B36D07B689B69CC
:10A10000002B19D0374B1B68364A43F48053136039
:10A11000FBF790FD786208E0FBF78CFD02467B6A56
:10A12000D31A022B01D90323DCE12E4B1B6803F465
:10A130000053002BF0D018E02A4B1B68294A23F467
:10A1400080531360FBF776FD786208E0FBF772FD41
:10A1500002467B6AD31A022B01D90323C2E1214BA9
:10A160001B6803F40053002BF0D17B681B6803F0DD
:10A170000403002B00F086801B4B1B681A4A43F433
:10A1800080731360FBF756FD786208E0FBF752FD21
:10A1900002467B6AD31A642B01D90323A2E1124B36
:10A1A0001B6803F48073002BF0D07B689B68012B45
:10A1B00006D10C4B1B6F0B4A43F00103136732E0CF
:10A1C0007B689B68002B11D1064B1B6F054A23F05F
:10A1D00001031367034B1B6F024A23F00403136749
:10A1E00021E000BF00440258004802587B689B6889
:10A1F000052B0CD1834B1B6F824A43F0040313677A
:10A20000804B1B6F7F4A43F0010313670BE07D4BCC
:10A210001B6F7C4A23F0010313677A4B1B6F794A4B
:10A2200023F0040313677B689B68002B15D0FBF7B2
:10A2300001FD78620AE0FBF7FDFC02467B6AD31A57
:10A2400041F28832934201D903234BE16D4B1B6FDE
:10A2500003F00203002BEED014E0FBF7EBFC786276
:10A260000AE0FBF7E7FC02467B6AD31A41F2883228
:10A27000934201D9032335E1624B1B6F03F00203C4
:10A28000002BEED17B685B6A002B00F02A815D4BCE
:10A290001B6903F03803182B00F0BA807B685B6AF7
:10A2A000022B40F09580574B1B68564A23F0807371
:10A2B0001360FBF7BFFC786208E0FBF7BBFC0246CB
:10A2C0007B6AD31A022B01D903230BE14D4B1B6888
:10A2D00003F00073002BF0D14A4B9A6A4A4B1340AB
:10A2E0007A68916A7A68D26A12010A43454913432F
:10A2F0008B627B681B6B013BC3F308027B685B6B63
:10A30000013B5B029BB21A437B689B6B013B1B04C6
:10A3100003F4FE031A437B68DB6B013B1B0603F06F
:10A32000FE43384913430B63364BDB6A354A23F04F
:10A330000103D362334B5A6B344B13407A68926CEF
:10A34000D200304913434B632E4BDB6A23F00C02DF
:10A350007B681B6C2B491343CB622A4BDB6A23F0CF
:10A3600002027B685B6C27491343CB62254BDB6A97
:10A37000244A43F48033D362224BDB6A214A43F4FC
:10A380000033D3621F4BDB6A1E4A43F48023D3623F
:10A390001C4BDB6A1B4A43F00103D362194B1B6859
:10A3A000184A43F080731360FBF744FC786208E0BE
:10A3B000FBF740FC02467B6AD31A022B01D9032328
:10A3C00090E0104B1B6803F00073002BF0D088E086
:10A3D0000C4B1B680B4A23F080731360FBF72AFCBD
:10A3E000786208E0FBF726FC02467B6AD31A022B50
:10A3F00001D9032376E0034B1B6803F00073002BA5
:10A40000F0D16EE0004402580CFCFFFF0700FFFF94
:10A41000364B9B6A3B61354B1B6BFB607B685B6A11
:10A42000012B31D03B6903F003027B689B6A9A429F
:10A430002AD13B691B0903F03F027B68DB6A9A4221
:10A4400022D1FB68C3F308027B681B6B013B9A4275
:10A450001AD1FB685B0A03F07F027B685B6B013BF0
:10A460009A4211D1FB681B0C03F07F027B689B6B47
:10A47000013B9A4208D1FB681B0E03F07F027B6808
:10A48000DB6B013B9A4201D001232BE0174B5B6B46
:10A49000DB08C3F30C033B617B689B6C3A699A420F
:10A4A0001FD0124BDB6A114A23F00103D362FBF782
:10A4B000C1FB786200BFFBF7BDFB02467B6A93429B
:10A4C000F9D00A4B5A6B0A4B13407A68926CD2004F
:10A4D000064913434B63054BDB6A044A43F001030F
:10A4E000D362002318463037BD4680BD0044025871
:10A4F0000700FFFF80B586B000AF786039607B68E9
:10A50000002B01D101239CE18A4B1B6803F00F0350
:10A510003A689A4210D9874B1B6823F00F0285498D
:10A520003B6813430B60834B1B6803F00F033A68CF
:10A530009A4201D0012384E17B681B6803F0040385
:10A54000002B10D07B681A697B4B9B6903F070036A
:10A550009A4208D9784B9B6923F070027B681B698B
:10A56000754913438B617B681B6803F00803002B5C
:10A5700010D07B685A69704BDB6903F070039A4214
:10A5800008D96D4BDB6923F070027B685B696A490F
:10A590001343CB617B681B6803F01003002B10D0C2
:10A5A0007B689A69644BDB6903F4E0639A4208D9DB
:10A5B000614BDB6923F4E0627B689B695E4913436E
:10A5C000CB617B681B6803F02003002B10D07B68F5
:10A5D000DA69594B1B6A03F070039A4208D9564B4B
:10A5E0001B6A23F070027B68DB69534913430B62DB
:10A5F0007B681B6803F00203002B10D07B68DA68CD
:10A600004D4B9B6903F00F039A4208D94A4B9B6953
:10A6100023F00F027B68DB68474913438B617B683B
:10A620001B6803F00103002B55D0434B9B6923F4B7
:10A6300070627B689B68404913438B617B685B68F1
:10A64000022B07D13C4B1B6803F40033002B21D1B4
:10A650000123F6E07B685B68032B07D1364B1B6850
:10A6600003F00073002B15D10123EAE07B685B68DF
:10A67000012B07D1304B1B6803F48073002B09D1E9
:10A680000123DEE02C4B1B6803F00403002B01D1F7
:10A690000123D6E0284B1B6923F007027B685B6827
:10A6A000254913430B61FBF7C5FA78610AE0FBF714
:10A6B000C1FA02467B69D31A41F28832934201D92A
:10A6C0000323BEE01C4B1B6903F038027B685B6808
:10A6D000DB009A42EBD17B681B6803F00203002B7E
:10A6E00010D07B68DA68144B9B6903F00F039A4221
:10A6F00008D2114B9B6923F00F027B68DB680E497F
:10A7000013438B610B4B1B6803F00F033A689A42AB
:10A7100014D2084B1B6823F00F0206493B68134311
:10A720000B60044B1B6803F00F033A689A4205D094
:10A73000012386E000200052004402587B681B6819
:10A7400003F00403002B10D07B681A693F4B9B6910
:10A7500003F070039A4208D23C4B9B6923F07002CD
:10A760007B681B69394913438B617B681B6803F065
:10A770000803002B10D07B685A69344BDB6903F067
:10A7800070039A4208D2314BDB6923F070027B6878
:10A790005B692E491343CB617B681B6803F0100390
:10A7A000002B10D07B689A69284BDB6903F4E063C7
:10A7B0009A4208D2254BDB6923F4E0627B689B69EF
:10A7C00022491343CB617B681B6803F02003002BF5
:10A7D00010D07B68DA691D4B1B6A03F070039A4244
:10A7E00008D21A4B1B6A23F070027B68DB69174999
:10A7F00013430B6200F034F80246144B9B691B0AAA
:10A8000003F00F031249CB5C03F01F0322FA03F39A
:10A810003B610E4B9B6903F00F030D4AD35C03F0C1
:10A820001F033A6922FA03F30A4A13600A4A3B6992
:10A8300013600A4B1B681846FAF7FEFD0346FB73CC
:10A84000FB7B18461837BD4680BD00BF0044025848
:10A85000A04E010858010024540100245C0100248A
:10A8600080B489B000AFB34B1B6903F03803182BD9
:10A8700000F2558101A252F823F000BFE1A80008C0
:10A880001FAB00081FAB00081FAB00081FAB000880
:10A890001FAB00081FAB00081FAB000807A900088A
:10A8A0001FAB00081FAB00081FAB00081FAB000860
:10A8B0001FAB00081FAB00081FAB00080DA9000864
:10A8C0001FAB00081FAB00081FAB00081FAB000840
:10A8D0001FAB00081FAB00081FAB000813A900083E
:10A8E000944B1B6803F02003002B09D0914B1B688D
:10A8F000DB0803F00303904A22FA03F3BB6111E182
:10A900008D4BBB610EE18D4BBB610BE18C4BBB6191
:10A9100008E1884B9B6A03F003037B61854B9B6ACC
:10A920001B0903F03F033B61824BDB6A03F0010329
:10A93000FB60804B5B6BDB08C3F30C03FA6802FB24
:10A9400003F307EE903AF8EE677AC7ED027A3B69B7
:10A95000002B00F0E1807B69022B00F083807B6993
:10A96000022B00F2A1807B69002B03D07B69012BB5
:10A9700056D099E06F4B1B6803F02003002B2DD0BD
:10A980006C4B1B68DB0803F003036B4A22FA03F3EA
:10A990007B607B6807EE903AF8EE676A3B6907EEEA
:10A9A000903AF8EE677A86EEA77A624B1B6BC3F398
:10A9B000080307EE903AF8EE676A97ED026ADFED5A
:10A9C000615AC6EE257A76EEA77AF7EE006A77EE40
:10A9D000A67A67EE277AC7ED077A87E03B6907EE2C
:10A9E000903AF8EE677ADFED586A86EEA77A514B17
:10A9F0001B6BC3F3080307EE903AF8EE676A97ED16
:10AA0000026ADFED505AC6EE257A76EEA77AF7EEA7
:10AA1000006A77EEA67A67EE277AC7ED077A65E0D7
:10AA20003B6907EE903AF8EE677ADFED486A86EE0A
:10AA3000A77A404B1B6BC3F3080307EE903AF8EE7E
:10AA4000676A97ED026ADFED3F5AC6EE257A76EE29
:10AA5000A77AF7EE006A77EEA67A67EE277AC7ED57
:10AA6000077A43E03B6907EE903AF8EE677ADFED4C
:10AA7000386A86EEA77A2F4B1B6BC3F3080307EEE9
:10AA8000903AF8EE676A97ED026ADFED2E5AC6EE4D
:10AA9000257A76EEA77AF7EE006A77EEA67A67EE69
:10AAA000277AC7ED077A21E03B6907EE903AF8EE86
:10AAB000677ADFED266A86EEA77A1E4B1B6BC3F31F
:10AAC000080307EE903AF8EE676A97ED026ADFED49
:10AAD0001D5AC6EE257A76EEA77AF7EE006A77EE73
:10AAE000A67A67EE277AC7ED077A00BF114B1B6B7A
:10AAF0005B0A03F07F0301333B603B6807EE903A4B
:10AB0000B8EE677AD7ED076AC6EE877AFCEEE77A89
:10AB100017EE903ABB6105E00023BB6102E0074BF2
:10AB2000BB6100BFBB6918462437BD465DF8047B96
:10AB3000704700BF004402580090D00300093D0058
:10AB400040787D01000000460024744C0024744AC3
:10AB500020BCBE4B80B582B000AFFFF781FE02463D
:10AB6000104B9B691B0A03F00F030F49CB5C03F0EA
:10AB70001F0322FA03F37B600A4B9B6903F00F0368
:10AB8000094AD35C03F01F037A6822FA03F3074AE9
:10AB90001360074A7B681360044B1B68184608372C
:10ABA000BD4680BD00440258A04E01085801002453
:10ABB0005401002480B500AFFFF7CCFF0246064BDE
:10ABC000DB691B0903F007030449CB5C03F01F0397
:10ABD00022FA03F3184680BD00440258A04E010833
:10ABE00080B500AFFFF7B6FF0246064BDB691B0AD4
:10ABF00003F007030449CB5C03F01F0322FA03F3BD
:10AC0000184680BD00440258A04E010880B483B0AD
:10AC100000AF786039607B683F221A601A4B1B696D
:10AC200003F007027B685A60174B9B6903F470625C
:10AC30007B689A60144B9B6903F00F027B68DA60B3
:10AC4000114B9B6903F070027B681A610E4BDB6944
:10AC500003F070027B685A610B4BDB6903F4E0621E
:10AC60007B689A61084B1B6A03F070027B68DA61AB
:10AC7000064B1B6803F00F023B681A6000BF0C37DD
:10AC8000BD465DF8047B7047004402580020005226
:10AC90002DE9B04FC6B000AFC7F80401002387F814
:10ACA0001731002387F81631D7F80431D3E9002390
:10ACB00002F00064002554EA050349D0D7F80431B6
:10ACC0005B6EB3F5401F2FD0B3F5401F28D8B3F506
:10ACD000001F1AD0B3F5001F22D8002B03D0B3F504
:10ACE000801F07D01CE0AB4BDB6AAA4A43F4003359
:10ACF000D3621AE0D7F8043108330221184601F074
:10AD000025FC034687F817310FE0D7F804312833C4
:10AD10000221184601F0CCFC034687F8173104E005
:10AD2000012387F8173100E000BF97F81731002B97
:10AD30000AD1984B1B6D23F44011D7F804315B6E98
:10AD4000944A0B43136503E097F8173187F81631DF
:10AD5000D7F80431D3E9002302F480784FF00009DA
:10AD600058EA090347D0D7F804319B6D042B2AD841
:10AD700001A252F823F000BF8DAD00089BAD000882
:10AD8000B1AD0008CFAD0008CFAD0008814BDB6A44
:10AD9000804A43F40033D3621AE0D7F80431083311
:10ADA0000021184601F0D2FB034687F817310FE067
:10ADB000D7F8043128330021184601F079FC034606
:10ADC00087F8173104E0012387F8173100E000BF4E
:10ADD00097F81731002B0AD16E4B1B6D23F007013A
:10ADE000D7F804319B6D6B4A0B43136503E097F86A
:10ADF000173187F81631D7F80431D3E9002302F46C
:10AE0000806A4FF0000B5AEA0B035BD0D7F804318D
:10AE1000D3F8A430B3F5200F3BD0B3F5200F34D8CE
:10AE2000B3F5000F37D0B3F5000F2ED8B3F5C00F30
:10AE300033D0B3F5C00F28D8B3F5800F1AD0B3F5CF
:10AE4000800F22D8002B03D0B3F5001F07D01CE0E1
:10AE5000504BDB6A4F4A43F40033D3621EE0D7F80D
:10AE6000043108330021184601F070FB034687F8CF
:10AE7000173113E0D7F8043128330021184601F0C8
:10AE800017FC034687F8173108E0012387F81731CC
:10AE900004E000BF02E000BF00E000BF97F81731F8
:10AEA000002B0BD13B4B9B6D23F46001D7F8043191
:10AEB000D3F8A430374A0B43936503E097F8173172
:10AEC00087F81631D7F80431D3E9002302F4006380
:10AED000C7F8F8300023C7F8FC30D7E93E120B461C
:10AEE00013435DD0D7F80431D3F8A830B3F1A06F85
:10AEF0003BD0B3F1A06F34D8B3F1806F37D0B3F14A
:10AF0000806F2ED8B3F1407F33D0B3F1407F28D883
:10AF1000B3F1007F1AD0B3F1007F22D8002B03D009
:10AF2000B3F1807F07D01CE01A4BDB6A194A43F467
:10AF30000033D3621EE0D7F80431083300211846ED
:10AF400001F004FB034687F8173113E0D7F804310A
:10AF500028330021184601F0ABFB034687F8173170
:10AF600008E0012387F8173104E000BF02E000BFCA
:10AF700000E000BF97F81731002B0DD1054B9B6DFA
:10AF800023F0E061D7F80431D3F8A830014A0B432D
:10AF9000936505E00044025897F8173187F8163199
:10AFA000D7F80431D3E9002302F00073C7F8F0307A
:10AFB0000023C7F8F430D7E93C120B4613433AD0CC
:10AFC000D7F80431DB6C302B1FD0302B19D8202B55
:10AFD0000CD0202B15D8002B19D0102B11D1AA4B37
:10AFE000DB6AA94A43F40033D36211E0D7F8043195
:10AFF00008330221184601F0A9FA034687F81731F1
:10B0000006E0012387F8173102E000BF00E000BF2F
:10B0100097F81731002B0AD19B4BDB6C23F03001E2
:10B02000D7F80431DB6C984A0B43D36403E097F8FC
:10B03000173187F81631D7F80431D3E9002302F429
:10B040008053C7F8E8300023C7F8EC30D7E93A124C
:10B050000B46134351D0D7F80431DB6DB3F5804F65
:10B0600035D0B3F5804F2ED8B3F5405F31D0B3F56E
:10B07000405F28D8B3F5005F1AD0B3F5005F22D83F
:10B08000002B03D0B3F5805F07D01CE07E4BDB6A5A
:10B090007D4A43F40033D3621CE0D7F8043108330F
:10B0A0000021184601F052FA034687F8173111E0E3
:10B0B000D7F8043128330021184601F0F9FA034685
:10B0C00087F8173106E0012387F8173102E000BF47
:10B0D00000E000BF97F81731002B0AD16A4B1B6DB7
:10B0E00023F4E041D7F80431DB6D674A0B43136565
:10B0F00003E097F8173187F81631D7F80431D3E910
:10B10000002302F40053C7F8E0300023C7F8E4300E
:10B11000D7E938120B46134353D0D7F804311B6ECE
:10B12000B3F5A02F33D0B3F5A02F2CD8B3F5802FD3
:10B130002FD0B3F5802F26D8B3F5403F2BD0B3F5F1
:10B14000403F20D8B3F5003F12D0B3F5003F1AD8E6
:10B15000002B22D0B3F5803F15D1D7F80431083346
:10B160000121184601F0F2F9034687F8173115E07E
:10B17000D7F8043128330121184601F099FA034623
:10B1800087F817310AE0012387F8173106E000BF7E
:10B1900004E000BF02E000BF00E000BF97F81731F5
:10B1A000002B0AD1384B1B6D23F4E021D7F8043172
:10B1B0001B6E354A0B43136503E097F8173187F888
:10B1C0001631D7F80431D3E9002302F48043C7F8DD
:10B1D000D8300023C7F8DC30D7E936120B461343CA
:10B1E00058D0D7F80431D3F8AC30B3F1A04F33D0F6
:10B1F000B3F1A04F2CD8B3F1804F2FD0B3F1804FD3
:10B2000026D8B3F1405F2BD0B3F1405F20D8B3F123
:10B21000005F12D0B3F1005F1AD8002B22D0B3F137
:10B22000805F15D1D7F8043108330121184601F0A9
:10B230008DF9034687F8173115E0D7F80431283324
:10B240000121184601F034FA034687F817310AE065
:10B25000012387F8173106E000BF04E000BF02E0D9
:10B2600000BF00E000BF97F81731002B0ED1064B4E
:10B270009B6D23F0E041D7F80431D3F8AC30024A9B
:10B280000B43936506E000BF0044025897F817315E
:10B2900087F81631D7F80431D3E9002302F40043CC
:10B2A000C7F8D0300023C7F8D430D7E934120B46A2
:10B2B000134337D0D7F80431DB6EB3F1005F0ED003
:10B2C000B3F1005F16D8002B18D0B3F1805F11D115
:10B2D000C44BDB6AC34A43F40033D3620FE0D7F8B0
:10B2E000043108330121184601F030F9034687F88C
:10B2F000173104E0012387F8173100E000BF97F809
:10B300001731002B0AD1B74B1B6D23F04051D7F8F2
:10B310000431DB6EB34A0B43136503E097F8173132
:10B3200087F81631D7F80431D3E9002302F080738F
:10B33000C7F8C8300023C7F8CC30D7E932120B4623
:10B34000134339D0D7F804319B6C032B1CD801A2CE
:10B3500052F823F091B3000865B3000873B30008F6
:10B3600091B300089F4BDB6A9E4A43F40033D362DB
:10B370000FE0D7F8043108330221184601F0E6F84F
:10B38000034687F8173104E0012387F8173100E0FE
:10B3900000BF97F81731002B0AD1924BDB6C23F0DA
:10B3A0000301D7F804319B6C8E4A0B43D36403E04E
:10B3B00097F8173187F81631D7F80431D3E900230D
:10B3C00002F48003C7F8C0300023C7F8C430D7E9BF
:10B3D00030120B46134300F09980834B1B68824A5E
:10B3E00043F480731360FAF725FCC7F810010BE0F3
:10B3F000FAF720FC0246D7F81031D31A642B03D990
:10B40000032387F8173105E0774B1B6803F480733B
:10B41000002BEDD097F81731002B73D1714B1A6FB9
:10B42000D7F80431D3F8B030534003F44073002B05
:10B4300015D06C4B1B6F23F44073C7F80C31694B6C
:10B440001B6F684A43F480331367664B1B6F654A72
:10B4500023F480331367634AD7F80C311367D7F8A6
:10B460000431D3F8B030B3F5807F18D1FAF7E2FB9E
:10B47000C7F810010DE0FAF7DDFB0246D7F81031EE
:10B48000D21A41F288339A4203D9032387F817313D
:10B4900005E0544B1B6F03F00203002BEBD097F831
:10B4A0001731002B29D1D7F80431D3F8B03003F489
:10B4B0004073B3F5407F0ED14A4B1B6923F47C5196
:10B4C000D7F80431D3F8B0301A09484B1340454A35
:10B4D0000B43136105E0434B1B69424A23F47C5341
:10B4E0001361404B196FD7F80431D3F8B030C3F370
:10B4F0000B033C4A0B43136708E097F8173187F8B2
:10B50000163103E097F8173187F81631D7F8043170
:10B51000D3E9002302F00103C7F8B8300023C7F8CD
:10B52000BC30D7E92E120B46134300F08F80D7F8BA
:10B5300004319B6F282B71D801A252F823F000BF71
:10B5400025B600081DB600081DB600081DB6000887
:10B550001DB600081DB600081DB600081DB600087F
:10B56000F1B500081DB600081DB600081DB600089C
:10B570001DB600081DB600081DB600081DB600085F
:10B5800007B600081DB600081DB600081DB6000865
:10B590001DB600081DB600081DB600081DB600083F
:10B5A00025B600081DB600081DB600081DB6000827
:10B5B0001DB600081DB600081DB600081DB600081F
:10B5C00025B600081DB600081DB600081DB6000807
:10B5D0001DB600081DB600081DB600081DB60008FF
:10B5E00025B600080044025800480258CFFFFF006B
:10B5F000D7F8043108330121184600F0A7FF0346AD
:10B6000087F817310FE0D7F80431283301211846A5
:10B6100001F04EF8034687F8173104E0012387F85C
:10B62000173100E000BF97F81731002B0AD1BF4B4C
:10B630005B6D23F03801D7F804319B6FBB4A0B4395
:10B64000536503E097F8173187F81631D7F80431BE
:10B65000D3E9002302F00203C7F8B0300023C7F893
:10B66000B430D7E92C120B46134341D0D7F804313C
:10B670005B6F052B24D801A252F823F0C9B600084D
:10B6800095B60008ABB60008C9B60008C9B60008F0
:10B69000C9B60008D7F8043108330121184600F074
:10B6A00055FF034687F817310FE0D7F804312833E8
:10B6B0000121184600F0FCFF034687F8173104E02B
:10B6C000012387F8173100E000BF97F81731002BEE
:10B6D0000AD1964B5B6D23F00701D7F804315B6FFD
:10B6E000924A0B43536503E097F8173187F81631F8
:10B6F000D7F80431D3E9002302F00403C7F8A830D7
:10B700000023C7F8AC30D7E92A120B46134344D0C4
:10B71000D7F80431D3F89030052B25D801A252F880
:10B7200023F000BF71B700083DB7000853B7000809
:10B7300071B7000871B7000871B70008D7F8043175
:10B7400008330121184600F001FF034687F817313E
:10B750000FE0D7F8043128330121184600F0A8FF84
:10B76000034687F8173104E0012387F8173100E01A
:10B7700000BF97F81731002B0BD16C4B9B6D23F05A
:10B780000701D7F80431D3F89030684A0B4393652A
:10B7900003E097F8173187F81631D7F80431D3E969
:10B7A000002302F02003C7F8A0300023C7F8A4301C
:10B7B000D7E928120B46134355D0D7F80431D3F8F4
:10B7C0008C30B3F1A04F33D0B3F1A04F2CD8B3F1EC
:10B7D000804F2FD0B3F1804F26D8B3F1405F2BD0EC
:10B7E000B3F1405F20D8B3F1005F12D0B3F1005F36
:10B7F0001AD8002B22D0B3F1805F15D1D7F80431CD
:10B8000008330021184600F0A1FE034687F81731DF
:10B8100015E0D7F8043128330221184600F048FF1C
:10B82000034687F817310AE0012387F8173106E04D
:10B8300000BF04E000BF02E000BF00E000BF97F8D7
:10B840001731002B0BD1394B5B6D23F0E041D7F85A
:10B850000431D3F88C30354A0B43536503E097F835
:10B86000173187F81631D7F80431D3E9002302F0F5
:10B870004003C7F898300023C7F89C30D7E9261258
:10B880000B46134358D0D7F80431D3F89830B3F5AA
:10B89000A05F33D0B3F5A05F2CD8B3F5805F2FD075
:10B8A000B3F5805F26D8B3F5406F2BD0B3F5406F6A
:10B8B00020D8B3F5006F12D0B3F5006F1AD8002B63
:10B8C00022D0B3F5806F15D1D7F8043108330021A9
:10B8D000184600F03BFE034687F8173115E0D7F80D
:10B8E000043128330221184600F0E2FE034687F8AF
:10B8F00017310AE0012387F8173106E000BF04E0A2
:10B9000000BF02E000BF00E000BF97F81731002B36
:10B910000ED1064B9B6D23F4E051D7F80431D3F8D8
:10B920009830024A0B43936506E000BF004402587A
:10B9300097F8173187F81631D7F80431D3E9002387
:10B9400002F08003C7F890300023C7F89430D7E99D
:10B9500024120B46134355D0D7F80431D3F89C304A
:10B96000B3F5204F33D0B3F5204F2CD8B3F5004FAB
:10B970002FD0B3F5004F26D8B3F5C04F2BD0B3F579
:10B98000C04F20D8B3F5804F12D0B3F5804F1AD8EE
:10B99000002B22D0B3F5005F15D1D7F8043108335E
:10B9A0000021184600F0D2FD034687F8173115E054
:10B9B000D7F8043128330221184600F079FE0346F7
:10B9C00087F817310AE0012387F8173106E000BF36
:10B9D00004E000BF02E000BF00E000BF97F81731AD
:10B9E000002B0BD1A04B9B6D23F46041D7F80431A1
:10B9F000D3F89C309C4A0B43936503E097F81731CA
:10BA000087F81631D7F80431D3E9002302F0080390
:10BA1000C7F888300023C7F88C30D7E922120B46CC
:10BA200013431ED0D7F80431D3F88030B3F5805FCC
:10BA30000CD1D7F8043128330221184600F038FE23
:10BA40000346002B02D0012387F81631864B5B6D2D
:10BA500023F44051D7F80431D3F88030824A0B43A5
:10BA60005365D7F80431D3E9002302F01003C7F877
:10BA700080300023C7F88430D7E920120B461343E7
:10BA80001ED0D7F80431D3F89430B3F5807F0CD1B1
:10BA9000D7F8043128330221184600F009FE034686
:10BAA000002B02D0012387F816316F4B9B6D23F4D6
:10BAB0004071D7F80431D3F894306B4A0B43936547
:10BAC000D7F80431D3E9002302F40023BB67002335
:10BAD000FB67D7E91E120B4613433ED0D7F804315B
:10BAE000D3F8A030B3F5003F22D0B3F5003F1BD808
:10BAF000002B03D0B3F5803F0BD015E0D7F804310D
:10BB000008330021184600F021FD034687F817315D
:10BB10000FE0D7F8043128330221184600F0C8FDA1
:10BB2000034687F8173104E0012387F8173100E056
:10BB300000BF97F81731002B0BD14B4B9B6D23F4B3
:10BB40004031D7F80431D3F8A030474A0B4393650E
:10BB500003E097F8173187F81631D7F80431D3E9A5
:10BB6000002302F480233B6700237B67D7E91C1284
:10BB70000B4613433BD0D7F80431D3F88430B3F5E8
:10BB8000401F1FD0B3F5401F18D8B3F5801F03D056
:10BB9000B3F5001F07D011E0334BDB6A324A43F4A0
:10BBA0000033D3620FE0D7F804312833012118465F
:10BBB00000F07EFD034687F8173104E0012387F883
:10BBC000173100E000BF97F81731002B0BD1264B3F
:10BBD0005B6D23F44011D7F80431D3F88430224A46
:10BBE0000B43536503E097F8173187F81631D7F800
:10BBF0000431D3E9002302F48033BB660023FB66E3
:10BC0000D7E91A120B46134334D0D7F804311B6D11
:10BC1000002B03D0B3F5803F07D011E0124BDB6A55
:10BC2000114A43F40033D3620EE0D7F804310833ED
:10BC30000221184600F08AFC034687F8173103E01A
:10BC4000012387F8173100BF97F81731002B0DD16A
:10BC5000054BDB6C23F48031D7F804311B6D024AAD
:10BC60000B43D36406E000BF0044025897F8173135
:10BC700087F81631D7F80431D3E9002302F00053D6
:10BC80003B6600237B66D7E918120B4613430CD0A2
:10BC9000D7F8043128330221184600F009FD034685
:10BCA000002B02D0012387F81631D7F80431D3E9ED
:10BCB000002302F40033BB650023FB65D7E91612AD
:10BCC0000B46134336D0D7F80431DB6FB3F5407F12
:10BCD00018D0B3F5407F11D8B3F5007F14D0B3F579
:10BCE000007F0BD8002B11D0B3F5807F06D1B74B66
:10BCF000DB6AB64A43F40033D36208E0012387F8D5
:10BD0000173104E000BF02E000BF00E000BF97F879
:10BD10001731002B0AD1AD4B5B6D23F44071D7F87E
:10BD20000431DB6FA94A0B43536503E097F81731E1
:10BD300087F81631D7F80431D3E9002302F48013D1
:10BD40003B6500237B65D7E914120B46134309D0EA
:10BD50009E4B1B6D23F00041D7F804311B6F9B4AAB
:10BD60000B431365D7F80431D3E9002302F4001321
:10BD7000BB640023FB64D7E912120B46134309D0BE
:10BD8000924B1B6D23F08071D7F804319B6E8F4A64
:10BD90000B431365D7F80431D3E9002302F0804345
:10BDA0003B6400237B64D7E910120B4613430ED08B
:10BDB000864B1B69854A23F400431361834B196941
:10BDC000D7F80431D3F8B430804A0B431361D7F865
:10BDD0000431D3E9002302F00043BB630023FB637B
:10BDE000D7E90E120B46134309D0784BDB6C23F0D6
:10BDF0004051D7F804315B6D744A0B43D364D7F8D4
:10BE00000431D3E9002302F400033B6300237B6386
:10BE1000D7E90C120B4613430AD06C4B5B6D23F42D
:10BE20004001D7F80431D3F88830684A0B43536592
:10BE3000D7F80431D3E900230021B96203F00103EC
:10BE4000FB62D7E90A120B46134311D0D7F804312D
:10BE500008330021184600F079FB034687F81731B4
:10BE600097F81731002B03D097F8173187F8163160
:10BE7000D7F80431D3E900230021396203F002032B
:10BE80007B62D7E908120B46134311D0D7F804316F
:10BE900008330121184600F059FB034687F8173193
:10BEA00097F81731002B03D097F8173187F8163120
:10BEB000D7F80431D3E900230021B96103F004036A
:10BEC000FB61D7E906120B46134311D0D7F80431B2
:10BED00008330221184600F039FB034687F8173172
:10BEE00097F81731002B03D097F8173187F81631E0
:10BEF000D7F80431D3E900230021396103F00803A6
:10BF00007B61D7E904120B46134311D0D7F80431F3
:10BF100028330021184600F0CBFB034687F8173181
:10BF200097F81731002B03D097F8173187F816319F
:10BF3000D7F80431D3E900230021B96003F01003DE
:10BF4000FB60D7E902120B46134311D0D7F8043136
:10BF500028330121184600F0ABFB034687F8173160
:10BF600097F81731002B03D097F8173187F816315F
:10BF7000D7F80431D3E900230021396003F020030E
:10BF80007B60D7E900120B46134311D0D7F8043178
:10BF900028330221184600F08BFB034687F817313F
:10BFA00097F81731002B03D097F8173187F816311F
:10BFB00097F81631002B01D1002300E00123184629
:10BFC00007F58C77BD46BDE8B08F00BF004402582E
:10BFD00080B500AFFEF7BEFD0246064B1B6A1B098B
:10BFE00003F007030449CB5C03F01F0322FA03F3B9
:10BFF000184680BD00440258A04E010880B489B0A4
:10C0000000AF7860A14B9B6A03F00303BB619F4BB9
:10C010009B6A1B0B03F03F037B619C4BDB6A1B0994
:10C0200003F001033B61994BDB6BDB08C3F30C03AB
:10C030003A6902FB03F307EE903AF8EE677AC7ED30
:10C04000037A7B69002B00F01181BB69022B00F0A1
:10C050008380BB69022B00F2A180BB69002B03D057
:10C06000BB69012B56D099E0884B1B6803F0200375
:10C07000002B2DD0854B1B68DB0803F00303844A9B
:10C0800022FA03F3BB60BB6807EE903AF8EE676AEA
:10C090007B6907EE903AF8EE677A86EEA77A7B4BDB
:10C0A0009B6BC3F3080307EE903AF8EE676A97EDCF
:10C0B000036ADFED785AC6EE257A76EEA77AF7EEB8
:10C0C000006A77EEA67A67EE277AC7ED077A87E0EF
:10C0D0007B6907EE903AF8EE677ADFED6F6A86EEDD
:10C0E000A77A6A4B9B6BC3F3080307EE903AF8EE0E
:10C0F000676A97ED036ADFED675AC6EE257A76EE3A
:10C10000A77AF7EE006A77EEA67A67EE277AC7ED90
:10C11000077A65E07B6907EE903AF8EE677ADFED23
:10C120005F6A86EEA77A594B9B6BC3F3080307EE51
:10C13000903AF8EE676A97ED036ADFED565AC6EE5D
:10C14000257A76EEA77AF7EE006A77EEA67A67EEA2
:10C15000277AC7ED077A43E07B6907EE903AF8EE5D
:10C16000677ADFED4F6A86EEA77A484B9B6BC3F385
:10C17000080307EE903AF8EE676A97ED036ADFED81
:10C18000455AC6EE257A76EEA77AF7EE006A77EE84
:10C19000A67A67EE277AC7ED077A21E07B6907EE7A
:10C1A000903AF8EE677ADFED3D6A86EEA77A374B74
:10C1B0009B6BC3F3080307EE903AF8EE676A97EDBE
:10C1C000036ADFED345AC6EE257A76EEA77AF7EEEB
:10C1D000006A77EEA67A67EE277AC7ED077A00BF86
:10C1E0002A4B9B6B5B0A03F07F0307EE903AF8EE55
:10C1F000677AB7EE007A37EE877AD7ED076AC6EE30
:10C20000877AFCEEE77A17EE902A7B681A601F4B5C
:10C210009B6B1B0C03F07F0307EE903AF8EE677AF6
:10C22000B7EE007A37EE877AD7ED076AC6EE877ADF
:10C23000FCEEE77A17EE902A7B685A60134B9B6BF3
:10C240001B0E03F07F0307EE903AF8EE677AB7EE25
:10C25000007A37EE877AD7ED076AC6EE877AFCEE6A
:10C26000E77A17EE902A7B689A6008E07B680022E4
:10C270001A607B6800225A607B6800229A6000BFC7
:10C280002437BD465DF8047B704700BF0044025868
:10C290000090D003000000460024744C0024744A2F
:10C2A00020BCBE4B80B489B000AF7860A14B9B6AC4
:10C2B00003F00303BB619F4B9B6A1B0D03F03F031D
:10C2C0007B619C4BDB6A1B0A03F001033B61994BCA
:10C2D0005B6CDB08C3F30C033A6902FB03F307EE64
:10C2E000903AF8EE677AC7ED037A7B69002B00F08D
:10C2F0001181BB69022B00F08380BB69022B00F225
:10C30000A180BB69002B03D0BB69012B56D099E0FB
:10C31000884B1B6803F02003002B2DD0854B1B6836
:10C32000DB0803F00303844A22FA03F3BB60BB6813
:10C3300007EE903AF8EE676A7B6907EE903AF8EEFE
:10C34000677A86EEA77A7B4B1B6CC3F3080307EE74
:10C35000903AF8EE676A97ED036ADFED785AC6EE19
:10C36000257A76EEA77AF7EE006A77EEA67A67EE80
:10C37000277AC7ED077A87E07B6907EE903AF8EEF7
:10C38000677ADFED6F6A86EEA77A6A4B1B6CC3F3A0
:10C39000080307EE903AF8EE676A97ED036ADFED5F
:10C3A000675AC6EE257A76EEA77AF7EE006A77EE40
:10C3B000A67A67EE277AC7ED077A65E07B6907EE14
:10C3C000903AF8EE677ADFED5F6A86EEA77A594B0E
:10C3D0001B6CC3F3080307EE903AF8EE676A97ED1B
:10C3E000036ADFED565AC6EE257A76EEA77AF7EEA7
:10C3F000006A77EEA67A67EE277AC7ED077A43E000
:10C400007B6907EE903AF8EE677ADFED4F6A86EEC9
:10C41000A77A484B1B6CC3F3080307EE903AF8EE7B
:10C42000676A97ED036ADFED455AC6EE257A76EE28
:10C43000A77AF7EE006A77EEA67A67EE277AC7ED5D
:10C44000077A21E07B6907EE903AF8EE677ADFED34
:10C450003D6A86EEA77A374B1B6CC3F3080307EEE1
:10C46000903AF8EE676A97ED036ADFED345AC6EE4C
:10C47000257A76EEA77AF7EE006A77EEA67A67EE6F
:10C48000277AC7ED077A00BF2A4B1B6C5B0A03F0C3
:10C490007F0307EE903AF8EE677AB7EE007A37EE50
:10C4A000877AD7ED076AC6EE877AFCEEE77A17EE51
:10C4B000902A7B681A601F4B1B6C1B0C03F07F03D8
:10C4C00007EE903AF8EE677AB7EE007A37EE877AA1
:10C4D000D7ED076AC6EE877AFCEEE77A17EE902A68
:10C4E0007B685A60134B1B6C1B0E03F07F0307EE37
:10C4F000903AF8EE677AB7EE007A37EE877AD7EDA2
:10C50000076AC6EE877AFCEEE77A17EE902A7B6818
:10C510009A6008E07B6800221A607B6800225A60FB
:10C520007B6800229A6000BF2437BD465DF8047B1B
:10C53000704700BF004402580090D003000000463E
:10C540000024744C0024744A20BCBE4B80B584B0D7
:10C5500000AF786039600023FB73534B9B6A03F094
:10C560000303032B01D1012399E04F4B1B684E4A73
:10C5700023F080631360F9F75DFBB86008E0F9F71A
:10C5800059FB0246BB68D31A022B01D9032386E06C
:10C59000454B1B6803F00063002BF0D1424B9B6AB4
:10C5A00023F47C327B681B681B033F4913438B6277
:10C5B0007B685B68013BC3F308027B689B68013BB7
:10C5C0005B029BB21A437B68DB68013B1B0403F4EC
:10C5D000FE031A437B681B69013B1B0603F0FE4305
:10C5E000314913438B63304BDB6A23F0C0027B6815
:10C5F0005B692D491343CB622B4BDB6A23F020028E
:10C600007B689B6928491343CB62274BDB6A264A28
:10C6100023F01003D362244BDA6B244B13407A6867
:10C62000D269D20020491343CB631F4BDB6A1E4AF9
:10C6300043F01003D3623B68002B06D11A4BDB6A30
:10C64000194A43F40023D3620FE03B68012B06D163
:10C65000154BDB6A144A43F48013D36205E0124B96
:10C66000DB6A114A43F40013D3620F4B1B680E4A76
:10C6700043F080631360F9F7DDFAB86008E0F9F77A
:10C68000D9FA0246BB68D31A022B01D9032306E06C
:10C69000054B1B6803F00063002BF0D0FB7B1846B2
:10C6A0001037BD4680BD00BF004402580700FFFFA1
:10C6B00080B584B000AF786039600023FB73534BC2
:10C6C0009B6A03F00303032B01D1012399E04F4B35
:10C6D0001B684E4A23F080531360F9F7ABFAB86039
:10C6E00008E0F9F7A7FA0246BB68D31A022B01D972
:10C6F000032386E0454B1B6803F00053002BF0D169
:10C70000424B9B6A23F07C727B681B681B053F4988
:10C7100013438B627B685B68013BC3F308027B6851
:10C720009B68013B5B029BB21A437B68DB68013B61
:10C730001B0403F4FE031A437B681B69013B1B06C1
:10C7400003F0FE43314913430B64304BDB6A23F49F
:10C7500040627B685B692D491343CB622B4BDB6ADC
:10C7600023F400727B689B6928491343CB62274BF3
:10C77000DB6A264A23F48073D362244B5A6C244B21
:10C7800013407A68D269D200204913434B641F4B8F
:10C79000DB6A1E4A43F48073D3623B68002B06D1E8
:10C7A0001A4BDB6A194A43F48003D3620FE03B68FB
:10C7B000012B06D1154BDB6A144A43F40003D36204
:10C7C00005E0124BDB6A114A43F08073D3620F4BD2
:10C7D0001B680E4A43F080531360F9F72BFAB860D8
:10C7E00008E0F9F727FA0246BB68D31A022B01D9F1
:10C7F000032306E0054B1B6803F00053002BF0D029
:10C80000FB7B18461037BD4680BD00BF0044025870
:10C810000700FFFF80B584B000AF78607B68002B15
:10C8200001D1012392E07B685B7ADBB2002B05D15A
:10C830007B6800221A727868F4F70EFC7B6802228B
:10C840005A727B681B681A687B681B6822F00402B6
:10C850001A607B681B681A683E4B13407A685268FE
:10C860001A437B681B6842F080421A607B681B6831
:10C87000394A1A617B681B6847F274221A617B6827
:10C880001B681A687B681B6822F080421A60F9F7FF
:10C89000D1F9F86016E0F9F7CDF90246FB68D31A32
:10C8A000022B0FD97B681B681B6803F08043B3F130
:10C8B000804F07D17B6801225A727B680222DA60BE
:10C8C000012343E07B681B681B6803F08043B3F1DE
:10C8D000804FE0D07B681B681A687B681B6842F059
:10C8E00004021A607B681B685B6803F04003402BFE
:10C8F00004D17B6804225A72012327E0F9F79AF9E0
:10C90000F86015E0F9F796F90246FB68D31A022B96
:10C910000ED97B681B685B6803F00103012B07D00D
:10C920007B6804225A727B680222DA6001230DE0E0
:10C930007B681B685B6803F00103012BE2D17B6815
:10C9400001225A727B680022DA60002318461037F1
:10C95000BD4680BDDFFFFFBFBC0A591780B582B05E
:10C9600000AF78607B68002B01D1012349E07B6830
:10C9700093F83D30DBB2002B06D17B68002283F8B0
:10C980003C20786800F041F87B68022283F83D2063
:10C990007B681A687B6804331946104600F0F6F984
:10C9A0007B68012283F848207B68012283F83E20BF
:10C9B0007B68012283F83F207B68012283F84020B6
:10C9C0007B68012283F841207B68012283F84220A2
:10C9D0007B68012283F843207B68012283F844208E
:10C9E0007B68012283F845207B68012283F846207A
:10C9F0007B68012283F847207B68012283F83D2071
:10CA0000002318460837BD4680BD80B483B000AF10
:10CA1000786000BF0C37BD465DF8047B70470000AE
:10CA200080B485B000AF78607B6893F83D30DBB2AE
:10CA3000012B01D001235EE07B68022283F83D20B8
:10CA40007B681B68DA687B681B6842F00102DA6069
:10CA50007B681B682B4A93422CD07B681B68B3F120
:10CA6000804F27D07B681B68274A934222D07B687F
:10CA70001B68264A93421DD07B681B68244A934258
:10CA800018D07B681B68234A934213D07B681B68CD
:10CA9000214A93420ED07B681B68204A934209D0FA
:10CAA0007B681B681E4A934204D07B681B681D4A42
:10CAB000934215D17B681B689A681B4B1340FB603F
:10CAC000FB68062B15D0FB68B3F5803F11D07B685F
:10CAD0001B681A687B681B6842F001021A6008E054
:10CAE0007B681B681A687B681B6842F001021A6049
:10CAF00000E000BF002318461437BD465DF8047BF4
:10CB0000704700BF000001400004004000080040E2
:10CB1000000C0040000401400018004000400140AB
:10CB200000E0004000E400400700010080B584B050
:10CB300000AF78607B681B68DB68FB607B681B6804
:10CB40001B69BB60BB6803F00203002B20D0FB68AD
:10CB500003F00203002B1BD07B681B686FF00202FE
:10CB60001A617B6801221A777B681B689B6903F056
:10CB70000303002B03D0786800F0E9F805E078683B
:10CB800000F0DBF8786800F0ECF87B6800221A7798
:10CB9000BB6803F00403002B20D0FB6803F0040300
:10CBA000002B1BD07B681B686FF004021A617B6846
:10CBB00002221A777B681B689B6903F44073002B81
:10CBC00003D0786800F0C3F805E0786800F0B5F8A5
:10CBD000786800F0C6F87B6800221A77BB6803F01B
:10CBE0000803002B20D0FB6803F00803002B1BD0A8
:10CBF0007B681B686FF008021A617B6804221A7751
:10CC00007B681B68DB6903F00303002B03D07868A3
:10CC100000F09DF805E0786800F08FF8786800F083
:10CC2000A0F87B6800221A77BB6803F01003002B82
:10CC300020D0FB6803F01003002B1BD07B681B681F
:10CC40006FF010021A617B6808221A777B681B68F4
:10CC5000DB6903F44073002B03D0786800F077F8A9
:10CC600005E0786800F069F8786800F07AF87B6889
:10CC700000221A77BB6803F00103002B0CD0FB687D
:10CC800003F00103002B07D07B681B686FF00102E3
:10CC90001A617868F4F7B2F9BB6803F08003002BDF
:10CCA00004D1BB6803F40053002B0CD0FB6803F0E5
:10CCB0008003002B07D07B681B686FF402521A6157
:10CCC000786800F019F9BB6803F48073002B0CD06E
:10CCD000FB6803F08003002B07D07B681B686FF4B0
:10CCE00080721A61786800F011F9BB6803F04003A4
:10CCF000002B0CD0FB6803F04003002B07D07B68AF
:10CD00001B686FF040021A61786800F034F8BB6865
:10CD100003F02003002B0CD0FB6803F02003002B52
:10CD200007D07B681B686FF020021A61786800F0FA
:10CD3000D9F800BF1037BD4680BD80B483B000AFC6
:10CD4000786000BF0C37BD465DF8047B704780B447
:10CD500083B000AF786000BF0C37BD465DF8047B40
:10CD6000704780B483B000AF786000BF0C37BD4619
:10CD70005DF8047B704780B483B000AF786000BF7B
:10CD80000C37BD465DF8047B7047000080B485B069
:10CD900000AF786039607B681B68FB607B68474A3E
:10CDA000934213D07B68B3F1804F0FD07B68444A25
:10CDB00093420BD07B68434A934207D07B68424A38
:10CDC000934203D07B68414A934208D1FB6823F029
:10CDD0007003FB603B685B68FA681343FB607B6829
:10CDE000364A934227D07B68B3F1804F23D07B68CB
:10CDF000334A93421FD07B68324A93421BD07B68F0
:10CE0000314A934217D07B68304A934213D07B68F3
:10CE10002F4A93420FD07B682E4A93420BD07B68F7
:10CE20002D4A934207D07B682C4A934203D07B68FB
:10CE30002B4A934208D1FB6823F44073FB603B68A4
:10CE4000DB68FA681343FB60FB6823F080023B68F1
:10CE50005B691343FB603B689A687B68DA623B68F6
:10CE60001A687B689A627B68144A93420FD07B6889
:10CE7000164A93420BD07B68154A934207D07B68D1
:10CE8000144A934203D07B68134A934203D13B6810
:10CE90001A697B681A637B681B6843F004027B682D
:10CEA0001A607B6801225A617B68FA681A6000BFC9
:10CEB0001437BD465DF8047B704700BF0000014099
:10CEC0000004004000080040000C00400004014045
:10CED00000400140004401400048014000E00040A3
:10CEE00000E4004080B483B000AF786000BF0C372E
:10CEF000BD465DF8047B704780B483B000AF7860B6
:10CF000000BF0C37BD465DF8047B704780B483B02A
:10CF100000AF786000BF0C37BD465DF8047B7047FA
:10CF200080B582B000AF78607B68002B01D101230F
:10CF300042E07B68D3F88830002B06D17B68002262
:10CF400083F884207868F8F79DFC7B682422C3F876
:10CF500088207B681B681A687B681B6822F00102C6
:10CF60001A607B689B6A002B02D0786801F018FB7E
:10CF7000786800F0A9FC0346012B01D101231BE0D6
:10CF80007B681B685A687B681B6822F490425A6071
:10CF90007B681B689A687B681B6822F02A029A608B
:10CFA0007B681B681A687B681B6842F001021A6084
:10CFB000786801F097FB034618460837BD4680BDE8
:10CFC00080B58AB002AFF860B9603B601346FB8061
:10CFD000FB68D3F88830202B7BD1BB68002B02D0B4
:10CFE000FB88002B01D1012374E0FB680022C3F809
:10CFF0009020FB682122C3F88820F8F71BFE786197
:10D00000FB68FA88A3F85420FB68FA88A3F8562036
:10D01000FB689B68B3F5805F08D1FB681B69002B38
:10D0200004D10023FB61BB68BB6103E0BB68FB610B
:10D030000023BB6130E03B6800937B6900228021C4
:10D04000F86801F0F9FB0346002B05D0FB682022AD
:10D05000C3F8882003233DE0FB69002B0BD1BB699B
:10D060001B881A46FB681B68C2F308029A62BB69F8
:10D070000233BB6107E0FB691A78FB681B689A62A0
:10D08000FB690133FB61FB68B3F856309BB2013B8F
:10D090009AB2FB68A3F85620FB68B3F856309BB2EF
:10D0A000002BC8D13B6800937B6900224021F868BF
:10D0B00001F0C2FB0346002B05D0FB682022C3F819
:10D0C0008820032306E0FB682022C3F88820002381
:10D0D00000E0022318462037BD4680BD80B5BAB0B7
:10D0E00000AF78607B681B68DB69C7F8E4307B6859
:10D0F0001B681B68C7F8E0307B681B689B68C7F833
:10D10000DC30D7F8E42040F60F031340C7F8D830DE
:10D11000D7F8D830002B1BD1D7F8E43003F0200328
:10D12000002B15D0D7F8E03003F02003002B05D1F9
:10D13000D7F8DC3003F08053002B09D07B685B6F9D
:10D14000002B00F093837B685B6F786898478DE3D2
:10D15000D7F8D830002B00F02381D7F8DC208D4B96
:10D160001340002B06D1D7F8E0208B4B1340002B47
:10D1700000F01681D7F8E43003F00103002B11D042
:10D18000D7F8E03003F48073002B0BD07B681B686A
:10D1900001221A627B68D3F8903043F001027B6869
:10D1A000C3F89020D7F8E43003F00203002B11D02D
:10D1B000D7F8DC3003F00103002B0BD07B681B6831
:10D1C00002221A627B68D3F8903043F004027B6835
:10D1D000C3F89020D7F8E43003F00403002B11D0FB
:10D1E000D7F8DC3003F00103002B0BD07B681B6801
:10D1F00004221A627B68D3F8903043F002027B6805
:10D20000C3F89020D7F8E43003F00803002B17D0C0
:10D21000D7F8E03003F02003002B05D1D7F8DC204D
:10D220005C4B1340002B0BD07B681B6808221A62F2
:10D230007B68D3F8903043F008027B68C3F89020F5
:10D24000D7F8E43003F40063002B12D0D7F8E030B5
:10D2500003F08063002B0CD07B681B684FF40062E6
:10D260001A627B68D3F8903043F020027B68C3F8E1
:10D2700090207B68D3F89030002B00F0F982D7F82B
:10D28000E43003F02003002B13D0D7F8E03003F094
:10D290002003002B05D1D7F8DC3003F08053002B9E
:10D2A00007D07B685B6F002B03D07B685B6F78686F
:10D2B00098477B68D3F89030C7F8D4307B681B68F8
:10D2C0009B6803F04003402B05D0D7F8D43003F01F
:10D2D0002803002B54D0786801F01CFB7B681B6886
:10D2E0009B6803F04003402B46D17B681B680833E2
:10D2F000C7F89C30D7F89C3053E8003FC7F8983007
:10D30000D7F8983023F04003C7F8D0307B681B680B
:10D310000833D7F8D020C7F8A820C7F8A430D7F82A
:10D32000A410D7F8A82041E80023C7F8A030D7F808
:10D33000A030002BD9D17B68D3F88030002B17D0D8
:10D340007B68D3F88030154A1A657B68D3F8803043
:10D350001846F9F76DFC0346002B19D07B68D3F80B
:10D3600080301B6D7A68D2F88020104698470FE015
:10D37000786800F093FA0BE0786800F08FFA07E025
:10D38000786800F08BFA7B680022C3F890206FE287
:10D3900000BF6DE20100001020010004E1E9000877
:10D3A0007B68DB6E012B40F00382D7F8E43003F09A
:10D3B0001003002B00F0FC81D7F8E03003F01003DD
:10D3C000002B00F0F5817B681B6810221A627B68D5
:10D3D0001B689B6803F04003402B40F06D817B6825
:10D3E000D3F880301B68A44A934268D07B68D3F896
:10D3F00080301B68A14A934261D07B68D3F88030AB
:10D400001B689F4A93425AD07B68D3F880301B68D0
:10D410009C4A934253D07B68D3F880301B689A4A69
:10D4200093424CD07B68D3F880301B68974A934274
:10D4300045D07B68D3F880301B68954A93423ED034
:10D440007B68D3F880301B68924A934237D07B6860
:10D45000D3F880301B68904A934230D07B68D3F871
:10D4600080301B688D4A934229D07B68D3F8803086
:10D470001B688B4A934222D07B68D3F880301B68AC
:10D48000884A93421BD07B68D3F880301B68864A59
:10D49000934214D07B68D3F880301B68834A934250
:10D4A0000DD07B68D3F880301B68814A934206D048
:10D4B0007B68D3F880301B687E4A934206D17B6834
:10D4C000D3F880301B685B689BB205E07B68D3F8BB
:10D4D00080301B685B689BB2A7F8BE30B7F8BE30DF
:10D4E000002B00F0AD807B68B3F85C30B7F8BE204D
:10D4F0009A4280F0A5807B68B7F8BE20A3F85E2032
:10D500007B68D3F88030DB69B3F5807F00F08780DB
:10D510007B681B68C7F88830D7F8883053E8003F2D
:10D52000C7F88430D7F8843023F48073C7F8B83054
:10D530007B681B681A46D7F8B830C7F89430C7F82C
:10D540009020D7F89010D7F8942041E80023C7F82E
:10D550008C30D7F88C30002BDAD17B681B6808330D
:10D560007B677B6F53E8003F3B673B6F23F0010312
:10D57000C7F8B4307B681B680833D7F8B420C7F805
:10D580008020FB67F96FD7F8802041E80023BB6754
:10D59000BB6F002BE1D17B681B6808333B663B6E99
:10D5A00053E8003FFB65FB6D23F04003C7F8B03044
:10D5B0007B681B680833D7F8B020FA66BB66B96E83
:10D5C000FA6E41E800237B667B6E002BE3D17B681B
:10D5D0002022C3F88C207B680022DA667B681B68F7
:10D5E000FB64FB6C53E8003FBB64BB6C23F010038F
:10D5F000C7F8AC307B681B681A46D7F8AC30BB65FF
:10D600007A65796DBA6D41E800233B653B6D002B6F
:10D61000E4D17B68D3F880301846F8F7EBFF7B68DD
:10D6200002221A677B68B3F85C207B68B3F85E302F
:10D630009BB2D31A9BB21946786800F039F919E108
:10D640007B68B3F85C30B7F8BE209A4240F0128194
:10D650007B68D3F88030DB69B3F5807F40F00A81C6
:10D660007B6802221A677B68B3F85C3019467868D9
:10D6700000F01EF9FEE000BF10000240280002404A
:10D680004000024058000240700002408800024002
:10D69000A0000240B80002401004024028040240EA
:10D6A00040040240580402407004024088040240D2
:10D6B000A0040240B80402407B68B3F85C207B6899
:10D6C000B3F85E309BB2D31AA7F8CE307B68B3F8BC
:10D6D0005E309BB2002B00F0CF80B7F8CE30002B2D
:10D6E00000F0CA807B681B68BB63BB6B53E8003FDC
:10D6F0007B637B6B23F49073C7F8C8307B681B682F
:10D700001A46D7F8C8307B643A64396C7A6C41E8C1
:10D710000023FB63FB6B002BE4D17B681B680833A1
:10D720007B627B6A53E8003F3B623A6A554B134089
:10D73000C7F8C4307B681B680833D7F8C4203A6345
:10D74000FB62F96A3A6B41E80023BB62BB6A002BBB
:10D75000E3D17B682022C3F88C207B680022DA6644
:10D760007B6800225A677B681B683B613B6953E812
:10D77000003FFB60FB6823F01003C7F8C0307B68F4
:10D780001B681A46D7F8C030FB61BA61B969FA69FB
:10D7900041E800237B617B69002BE4D17B68022296
:10D7A0001A67B7F8CE301946786800F081F863E060
:10D7B000D7F8E43003F48013002B0ED0D7F8DC3018
:10D7C00003F48003002B08D07B681B684FF48012A1
:10D7D0001A62786801F041F951E0D7F8E43003F0BB
:10D7E0008003002B14D0D7F8E03003F08003002B27
:10D7F00005D1D7F8DC3003F40003002B08D07B6898
:10D800009B6F002B3AD07B689B6F7868984735E018
:10D81000D7F8E43003F04003002B09D0D7F8E0300C
:10D8200003F04003002B03D0786801F0EBF826E00A
:10D83000D7F8E43003F40003002B09D0D7F8E03028
:10D8400003F08043002B03D0786801F01AF916E04A
:10D85000D7F8E43003F08073002B10D0D7F8E03015
:10D86000002B0CDA786801F002F908E000BF06E04E
:10D8700000BF04E000BF02E000BF00E000BFE837E7
:10D88000BD4680BDFEFFFFEF80B483B000AF78607F
:10D8900000BF0C37BD465DF8047B704780B483B091
:10D8A00000AF786000BF0C37BD465DF8047B704761
:10D8B00080B483B000AF78600B467B8000BF0C372C
:10D8C000BD465DF8047B70472DE9B04F92B000AFC4
:10D8D0007861002387F842307B699A687B691B690D
:10D8E0001A437B695B691A437B69DB6913437B6479
:10D8F0007B691B681A68BE4B13407A691268796CA1
:10D900000B4313607B691B685B6823F440517B69A0
:10D91000DA687B691B680A435A607B699B697B6490
:10D920007B691B68B34A934204D07B691B6A7A6C9B
:10D9300013437B647B691B689A68AF4B13407A6919
:10D940001268796C0B4393607B691B68DB6A23F078
:10D950000F017B695A6A7B691B680A43DA627B693B
:10D960001B68A64A934277D1A54B5B6D03F0380341
:10D97000282B6DD801A252F823F000BF21DA00084D
:10D9800051DA000851DA000851DA000851DA0008CB
:10D9900051DA000851DA000851DA000829DA0008E3
:10D9A00051DA000851DA000851DA000851DA0008AB
:10D9B00051DA000851DA000851DA000831DA0008BB
:10D9C00051DA000851DA000851DA000851DA00088B
:10D9D00051DA000851DA000851DA000839DA000893
:10D9E00051DA000851DA000851DA000851DA00086B
:10D9F00051DA000851DA000851DA000841DA00086B
:10DA000051DA000851DA000851DA000851DA00084A
:10DA100051DA000851DA000851DA000849DA000842
:10DA2000012387F8433026E3042387F8433022E3B9
:10DA3000082387F843301EE3102387F843301AE3A6
:10DA4000202387F8433016E3402387F8433012E35E
:10DA5000802387F843300EE37B691B68694A934251
:10DA600030D1674B5B6D03F00703052B26D801A26D
:10DA700052F823F08DDA000895DA00089DDA0008E4
:10DA8000A5DA0008ADDA0008B5DA0008002387F847
:10DA90004330F0E2042387F84330ECE2082387F8B0
:10DAA0004330E8E2102387F84330E4E2202387F88C
:10DAB0004330E0E2402387F84330DCE2802387F8FC
:10DAC0004330D8E27B691B684F4A934230D14C4BBC
:10DAD0005B6D03F00703052B26D801A252F823F053
:10DAE000F9DA000801DB000809DB000811DB000897
:10DAF00019DB000821DB0008002387F84330BAE275
:10DB0000042387F84330B6E2082387F84330B2E2B3
:10DB1000102387F84330AEE2202387F84330AAE28F
:10DB2000402387F84330A6E2802387F84330A2E2FF
:10DB30007B691B68354A934230D1314B5B6D03F0F2
:10DB40000703052B26D801A252F823F065DB000855
:10DB50006DDB000875DB00087DDB000885DB000855
:10DB60008DDB0008002387F8433084E2042387F824
:10DB7000433080E2082387F843307CE2102387F8A3
:10DB8000433078E2202387F8433074E2402387F85B
:10DB9000433070E2802387F843306CE27B691B6876
:10DBA0001B4A934242D1164B5B6D03F00703052BD2
:10DBB00038D801A252F823F0D1DB0008D9DB0008E5
:10DBC000E1DB0008E9DB000815DC00081DDC0008CB
:10DBD000002387F843304EE2042387F843304AE2BB
:10DBE000082387F8433046E2102387F8433042E2A7
:10DBF000F369FFCF000C0058FFF4FF110010014043
:10DC0000004402580044004000480040004C0040DE
:10DC100000500040202387F843302CE2402387F84F
:10DC2000433028E2802387F8433024E27B691B6875
:10DC3000B14A934276D1B14B5B6D03F03803282B88
:10DC40006CD801A252F823F0EDDC00081DDD0008BD
:10DC50001DDD00081DDD00081DDD00081DDD0008BC
:10DC60001DDD00081DDD0008F5DC00081DDD0008D5
:10DC70001DDD00081DDD00081DDD00081DDD00089C
:10DC80001DDD00081DDD0008FDDC00081DDD0008AD
:10DC90001DDD00081DDD00081DDD00081DDD00087C
:10DCA0001DDD00081DDD000805DD00081DDD000884
:10DCB0001DDD00081DDD00081DDD00081DDD00085C
:10DCC0001DDD00081DDD00080DDD00081DDD00085C
:10DCD0001DDD00081DDD00081DDD00081DDD00083C
:10DCE0001DDD00081DDD000815DD0008012387F893
:10DCF0004330C0E1042387F84330BCE1082387F8B0
:10DD00004330B8E1102387F84330B4E1202387F88B
:10DD10004330B0E1402387F84330ACE1802387F8FB
:10DD20004330A8E17B691B68754A934230D1734B3D
:10DD30005B6D03F00703052B26D801A252F823F0F0
:10DD400059DD000861DD000869DD000871DD0008AB
:10DD500079DD000881DD0008002387F843308AE17F
:10DD6000042387F8433086E1082387F8433082E1B3
:10DD7000102387F843307EE1202387F843307AE18F
:10DD8000402387F8433076E1802387F8433072E1FF
:10DD90007B691B685B4A934230D1584B5B6D03F043
:10DDA0000703052B26D801A252F823F0C5DD000891
:10DDB000CDDD0008D5DD0008DDDD0008E5DD00086B
:10DDC000EDDD0008002387F8433054E1042387F891
:10DDD000433050E1082387F843304CE1102387F8A3
:10DDE000433048E1202387F8433044E1402387F85B
:10DDF000433040E1802387F843303CE17B691B6876
:10DE0000414A934240F082803C4B5B6D03F0380303
:10DE1000282B6DD801A252F823F000BFC1DE000804
:10DE2000F1DE0008F1DE0008F1DE0008F1DE000896
:10DE3000F1DE0008F1DE0008F1DE0008C9DE0008AE
:10DE4000F1DE0008F1DE0008F1DE0008F1DE000876
:10DE5000F1DE0008F1DE0008F1DE0008D1DE000886
:10DE6000F1DE0008F1DE0008F1DE0008F1DE000856
:10DE7000F1DE0008F1DE0008F1DE0008D9DE00085E
:10DE8000F1DE0008F1DE0008F1DE0008F1DE000836
:10DE9000F1DE0008F1DE0008F1DE0008E1DE000836
:10DEA000F1DE0008F1DE0008F1DE0008F1DE000816
:10DEB000F1DE0008F1DE0008F1DE0008E9DE00080E
:10DEC000012387F84330D6E0042387F84330D2E0BB
:10DED000082387F84330CEE0102387F84330CAE0A8
:10DEE000202387F84330C6E0402387F84330C2E060
:10DEF000802387F84330BEE00014014000440258FC
:10DF000000780040007C0040001801407B691B68DD
:10DF1000AD4A934276D1AD4B5B6D03F03803282BAD
:10DF20006CD801A252F823F0CDDF0008FDDF000815
:10DF3000FDDF0008FDDF0008FDDF0008FDDF000851
:10DF4000FDDF0008FDDF0008D5DF0008FDDF000869
:10DF5000FDDF0008FDDF0008FDDF0008FDDF000831
:10DF6000FDDF0008FDDF0008DDDF0008FDDF000841
:10DF7000FDDF0008FDDF0008FDDF0008FDDF000811
:10DF8000FDDF0008FDDF0008E5DF0008FDDF000819
:10DF9000FDDF0008FDDF0008FDDF0008FDDF0008F1
:10DFA000FDDF0008FDDF0008EDDF0008FDDF0008F1
:10DFB000FDDF0008FDDF0008FDDF0008FDDF0008D1
:10DFC000FDDF0008FDDF0008F5DF0008012387F80A
:10DFD000433050E0042387F843304CE0082387F8AF
:10DFE000433048E0102387F8433044E0202387F88B
:10DFF000433040E0402387F843303CE0802387F8FB
:10E00000433038E07B691B68714A934230D16F4BD3
:10E010009B6D03F00703052B26D801A252F823F0CD
:10E0200039E0000841E0000849E0000851E000083C
:10E0300059E0000861E00008022387F843301AE045
:10E04000042387F8433016E0082387F8433012E0B2
:10E05000102387F843300EE0202387F843300AE08E
:10E06000402387F8433006E0802387F8433002E0FE
:10E07000802387F843307B691B68554A934240F000
:10E08000F88097F84330202B46DC022B75DB023BEF
:10E090001E2B72D801A252F823F000BF1FE1000826
:10E0A0007BE1000827E100087BE100087BE1000834
:10E0B0007BE1000837E100087BE100087BE1000814
:10E0C0007BE100087BE100087BE100087BE10008C0
:10E0D0007BE1000847E100087BE100087BE10008E4
:10E0E0007BE100087BE100087BE100087BE10008A0
:10E0F0007BE100087BE100087BE100087BE1000890
:10E100007BE100087BE100087BE100087BE100087F
:10E110007BE100086DE10008402B2AD02DE0FDF7DF
:10E1200057FFF8632FE007F124031846FDF766FF59
:10E13000BB6AFB6327E007F118031846FEF7B2F845
:10E14000FB69FB631FE0214B1B6803F02003002BDE
:10E1500009D01E4B1B68DB0803F003031D4A22FA9B
:10E1600003F3FB630FE01B4BFB630CE01A4BFB63F9
:10E1700009E04FF40043FB6305E00023FB63012348
:10E1800087F8423000BFFB6B002B00F0EE817B690B
:10E190005B6A124A32F813301A46FB6BB3FBF2F398
:10E1A0003B637B695A6813465B0013443A6B9A429F
:10E1B00005D37B695B681B033A6B9A4210D9012334
:10E1C00087F84230D1E100BF001C014000440258F2
:10E1D000000C00580090D00300093D00C84E010813
:10E1E000FB6B0022BB60FA607B695B6AC04A32F855
:10E1F00013309BB200223B607A60D7E90023D7E955
:10E200000201F2F7EDF802460B46104619464FF0B0
:10E2100000024FF000030B0243EA10630202796927
:10E220004968490800200C46054612EB040843EBF8
:10E2300005097B695B6800229A46934652465B4615
:10E2400040464946F2F7CCF802460B461346BB63FC
:10E25000BB6BB3F5407F08D3BB6BB3F5801F04D213
:10E260007B691B68BA6BDA607FE1012387F8423073
:10E270007BE17B69DB69B3F5004F40F0BD8097F827
:10E280004330202B48DC002B7BDB202B79D801A2EC
:10E2900052F823F01FE3000827E3000883E3000897
:10E2A00083E300082FE3000883E3000883E300080A
:10E2B00083E300083FE3000883E3000883E30008EA
:10E2C00083E3000883E3000883E3000883E3000896
:10E2D00083E300084FE3000883E3000883E30008BA
:10E2E00083E3000883E3000883E3000883E3000876
:10E2F00083E3000883E3000883E3000883E3000866
:10E3000083E3000883E3000883E3000883E3000855
:10E3100083E3000875E30008402B2ED031E0FCF7C2
:10E3200049FCF86333E0FCF75BFCF8632FE007F18E
:10E3300024031846FDF762FEBB6AFB6327E007F182
:10E3400018031846FDF7AEFFFB69FB631FE0694B3E
:10E350001B6803F02003002B09D0664B1B68DB0809
:10E3600003F00303644A22FA03F3FB630FE0624BFA
:10E37000FB630CE0614BFB6309E04FF40043FB637C
:10E3800005E00023FB63012387F8423000BFFB6BED
:10E39000002B00F0EA807B695B6A554A32F8133043
:10E3A0001A46FB6BB3FBF2F35A007B695B685B08B0
:10E3B0001A447B695B68B2FBF3F3BB63BB6B0F2B47
:10E3C00016D9BB6BB3F5803F12D2BB6B9BB223F067
:10E3D0000F03FB86BB6B5B089BB203F007039AB28B
:10E3E000FB8E1343FB867B691B68FA8EDA60BCE008
:10E3F000012387F84230B8E097F84330202B4BDCFC
:10E40000002BC0F28780202B00F2848001A252F8FA
:10E4100023F000BF9FE40008A7E4000815E500080A
:10E4200015E50008AFE4000815E5000815E500084B
:10E4300015E50008BFE4000815E5000815E500082B
:10E4400015E5000815E5000815E5000815E50008C4
:10E4500015E50008CFE4000815E5000815E50008FB
:10E4600015E5000815E5000815E5000815E50008A4
:10E4700015E5000815E5000815E5000815E5000894
:10E4800015E5000815E5000815E5000815E5000884
:10E4900015E5000807E50008402B37D03AE0FCF707
:10E4A00089FBF8633CE0FCF79BFBF86338E007F17D
:10E4B00024031846FDF7A2FDBB6AFB6330E007F1B9
:10E4C00018031846FDF7EEFEFB69FB6328E0094BD5
:10E4D0001B6803F02003002B12D0064B1B68DB08DF
:10E4E00003F00303044A22FA03F3FB6318E000BFBE
:10E4F000C84E0108004402580090D00300093D00B6
:10E50000244BFB630CE0244BFB6309E04FF4004316
:10E51000FB6305E00023FB63012387F8423000BF63
:10E52000FB6B002B21D07B695B6A1C4A32F81330ED
:10E530001A46FB6BB3FBF2F27B695B685B081A441B
:10E540007B695B68B2FBF3F3BB63BB6B0F2B09D931
:10E55000BB6BB3F5803F05D2BB6B9AB27B691B687E
:10E56000DA6002E0012387F842307B690122A3F8D8
:10E570006A207B690122A3F868207B6900225A6720
:10E580007B6900229A6797F8423018464837BD46A3
:10E59000BDE8B08F0090D00300093D00C84E0108CF
:10E5A00080B483B000AF78607B689B6A03F0080397
:10E5B000002B0AD07B681B685B6823F400417B68F2
:10E5C0009A6B7B681B680A435A607B689B6A03F0FE
:10E5D0000103002B0AD07B681B685B6823F40031C1
:10E5E0007B68DA6A7B681B680A435A607B689B6AAF
:10E5F00003F00203002B0AD07B681B685B6823F4DE
:10E6000080317B681A6B7B681B680A435A607B68A1
:10E610009B6A03F00403002B0AD07B681B685B68CD
:10E6200023F480217B685A6B7B681B680A435A601D
:10E630007B689B6A03F01003002B0AD07B681B6881
:10E640009B6823F480517B68DA6B7B681B680A4304
:10E650009A607B689B6A03F02003002B0AD07B68DA
:10E660001B689B6823F400517B681A6C7B681B68ED
:10E670000A439A607B689B6A03F04003002B1AD020
:10E680007B681B685B6823F480117B685A6C7B682D
:10E690001B680A435A607B685B6CB3F5801F0AD124
:10E6A0007B681B685B6823F4C0017B689A6C7B689D
:10E6B0001B680A435A607B689B6A03F08003002B47
:10E6C0000AD07B681B685B6823F400217B68DA6CE6
:10E6D0007B681B680A435A6000BF0C37BD465DF873
:10E6E000047B704780B598B002AF78607B680022E9
:10E6F000C3F89020F7F79EFA78657B681B681B6863
:10E7000003F00803082B2FD16FF07E4300937B6D3D
:10E7100000224FF40011786800F08EF80346002BB9
:10E7200022D07B681B68BB63BB6B53E8003F7B63F5
:10E730007B6B23F080033B657B681B681A463B6D4F
:10E740007B643A64396C7A6C41E80023FB63FB6BB1
:10E75000002BE6D17B682022C3F888207B6800224A
:10E7600083F88420032363E07B681B681B6803F045
:10E770000403042B49D16FF07E4300937B6D00228C
:10E780004FF48001786800F057F80346002B3CD026
:10E790007B681B687B627B6A53E8003F3B623B6A95
:10E7A00023F49073FB647B681B681A46FB6C3B6325
:10E7B000FA62F96A3A6B41E80023BB62BB6A002B3C
:10E7C000E6D17B681B6808333B613B6953E8003F37
:10E7D000FB60FB6823F00103BB647B681B680833A4
:10E7E000BA6CFA61BB61B969FA6941E800237B61DF
:10E7F0007B69002BE5D17B682022C3F88C207B68E5
:10E80000002283F88420032312E07B682022C3F8CF
:10E8100088207B682022C3F88C207B680022DA667F
:10E820007B6800221A677B68002283F8842000231B
:10E8300018465837BD4680BD80B584B000AFF8603B
:10E84000B9603B601346FB714FE0BB69B3F1FF3F1A
:10E850004BD0F7F7EFF902463B68D31ABA699A42F0
:10E8600002D3BB69002B01D103234EE0FB681B6878
:10E870001B6803F00403002B37D0BB68802B34D017
:10E88000BB68402B31D0FB681B68DB6903F00803D1
:10E89000082B10D1FB681B6808221A62F86800F088
:10E8A00039F8FB680822C3F89020FB68002283F83F
:10E8B0008420012329E0FB681B68DB6903F4006303
:10E8C000B3F5006F11D1FB681B684FF400621A6248
:10E8D000F86800F01FF8FB682022C3F89020FB685E
:10E8E000002283F8842003230FE0FB681B68DA69A9
:10E8F000BB681340BA689A420CBF01230023DBB205
:10E900001A46FB799A42A0D0002318461037BD461C
:10E9100080BD000080B495B000AF78607B681B6854
:10E920007B637B6B53E8003F3B633B6B23F490734B
:10E93000FB647B681B681A46FB6C3B64FA63F96BEB
:10E940003A6C41E80023BB63BB6B002BE6D17B68CC
:10E950001B6808333B623B6A53E8003FFB61FA697E
:10E960001E4B1340BB647B681B680833BA6CFA62A9
:10E97000BB62B96AFA6A41E800237B627B6A002BBA
:10E98000E5D17B68DB6E012B18D17B681B68FB60CF
:10E99000FB6853E8003FBB60BB6823F010037B6457
:10E9A0007B681B681A467B6CBB617A617969BA69BE
:10E9B00041E800233B613B69002BE6D17B682022C4
:10E9C000C3F88C207B680022DA667B6800225A67D5
:10E9D00000BF5437BD465DF8047B7047FEFFFFEF74
:10E9E00080B584B000AF78607B689B6BFB60FB6890
:10E9F0000022A3F85E20F868FEF750FF00BF103732
:10EA0000BD4680BD80B588B000AF78607B681B686C
:10EA1000FB60FB6853E8003FBB60BB6823F040032A
:10EA2000FB617B681B681A46FB69BB617A61796987
:10EA3000BA6941E800233B613B69002BE6D17B6862
:10EA40002022C3F888207B6800229A677868FEF746
:10EA50001BFF00BF2037BD4680BD80B483B000AF30
:10EA6000786000BF0C37BD465DF8047B704780B40A
:10EA700083B000AF786000BF0C37BD465DF8047B03
:10EA8000704780B483B000AF786000BF0C37BD46DC
:10EA90005DF8047B704780B485B000AF78607B6818
:10EAA00093F88430012B01D1022327E07B680122F7
:10EAB00083F884207B682422C3F888207B681B6845
:10EAC0001B68FB607B681B681A687B681B6822F008
:10EAD00001021A60FB6823F00053FB607B68002290
:10EAE0005A667B681B68FA681A607B682022C3F844
:10EAF00088207B68002283F884200023184614377E
:10EB0000BD465DF8047B704780B584B000AF786087
:10EB100039607B6893F88430012B01D102232DE00A
:10EB20007B68012283F884207B682422C3F8882034
:10EB30007B681B681B68FB607B681B681A687B68C6
:10EB40001B6822F001021A607B681B689B6823F037
:10EB500060417B681B683A680A439A60786800F0F5
:10EB60004FF87B681B68FA681A607B682022C3F83C
:10EB700088207B68002283F8842000231846103701
:10EB8000BD4680BD80B584B000AF786039607B68D9
:10EB900093F88430012B01D102232DE07B68012200
:10EBA00083F884207B682422C3F888207B681B6854
:10EBB0001B68FB607B681B681A687B681B6822F017
:10EBC00001021A607B681B689B6823F060617B68A8
:10EBD0001B683A680A439A60786800F011F87B680D
:10EBE0001B68FA681A607B682022C3F888207B685B
:10EBF000002283F88420002318461037BD4680BDCC
:10EC000080B485B000AF78607B685B6E002B08D164
:10EC10007B680122A3F86A207B680122A3F86820A0
:10EC200031E01023FB731023BB737B681B689B6868
:10EC30005B0EDBB203F007037B737B681B689B688A
:10EC40005B0FDBB203F007033B73BB7B3A7B1149DD
:10EC50008A5C02FB03F33A7B0F498A5C93FBF2F375
:10EC60009AB27B68A3F86A20FB7B7A7B09498A5CAD
:10EC700002FB03F37A7B08498A5C93FBF2F39AB2B6
:10EC80007B68A3F8682000BF1437BD465DF8047B9D
:10EC9000704700BFE04E0108E84E010880B483B021
:10ECA00000AF03463960FB80B7F90630002B0ADB62
:10ECB0003B68DAB20C49B7F906301201D2B20B4404
:10ECC00083F800230AE03B68DAB20849FB8803F0C6
:10ECD0000F03043B1201D2B20B441A7600BF0C376B
:10ECE000BD465DF8047B704700E100E000ED00E008
:10ECF00080B500AF054B1B6801F082FD0346012B78
:10ED000001D002F079FB00BF80BD00BF10E000E041
:10ED100080B500AF00216FF00400FFF7BFFF00BF18
:10ED200080BD000080B483B000AFEFF305833B608B
:10ED30003B68002B03D06FF005037B600CE00A4BAF
:10ED40001B68002B05D1084B01221A6000237B6051
:10ED500002E04FF0FF337B607B6818460C37BD46FE
:10ED60005DF8047B704700BFC807002480B582B0FF
:10ED700000AFEFF305833B603B68002B03D06FF0DF
:10ED800005037B6010E00B4B1B68012B09D1FFF7DB
:10ED9000BFFF084B02221A6001F0CEF800237B600F
:10EDA00002E04FF0FF337B607B6818460837BD46B2
:10EDB00080BD00BFC807002480B58EB004AFF860E6
:10EDC000B9607A6000233B61EFF305837B617B6967
:10EDD000002B7ED1FB68002B7BD080233B62182365
:10EDE000FB6100237B624FF0FF33BB617B68002B2C
:10EDF00045D07B681B68002B02D07B681B687B6258
:10EE00007B689B69002B02D07B689B69FB61FB6977
:10EE1000002B08D0FB69382B05D87B685B6803F0B2
:10EE20000103002B01D0002354E07B685B69002BB9
:10EE300003D07B685B699B083B627B689B68002B07
:10EE40000ED07B68DB68A72B0AD97B681B69002B77
:10EE500006D07B685B69002B02D00123BB6110E008
:10EE60007B689B68002B0CD17B68DB68002B08D18A
:10EE70007B681B69002B04D10023BB6101E00023E8
:10EE8000BB61BB69012B10D17B681B697A689268F2
:10EE900002920193FB690093BB683A6A796AF86849
:10EEA00000F056FE03463B6113E0BB69002B10D116
:10EEB0003B6A9AB207F110030193FB690093BB68A8
:10EEC000796AF86800F0A4FE0346012B01D0002304
:10EED0003B613B6918462837BD4680BD80B584B08C
:10EEE00000AF7860EFF30583BB60BB68002B03D0F5
:10EEF0006FF00503FB6007E00023FB607B68002BDD
:10EF000002D0786800F0E2FFFB6818461037BD4673
:10EF100080BD000080B485B000AFF860B9607A6051
:10EF2000FB68074A1A60BB68064A1A607B68802241
:10EF30001A6000BF1437BD465DF8047B704700BF00
:10EF4000CC0700247408002480B485B000AFF860BA
:10EF5000B9607A60FB68074A1A60BB68064A1A60A3
:10EF60007B684FF480721A6000BF1437BD465DF8AD
:10EF7000047B7047740A00241C0B002480B483B007
:10EF800000AF78607B6803F108027B685A607B6899
:10EF90004FF0FF329A607B6803F108027B68DA6009
:10EFA0007B6803F108027B681A617B6800221A60A3
:10EFB00000BF0C37BD465DF8047B704780B483B05A
:10EFC00000AF78607B6800221A6100BF0C37BD4635
:10EFD0005DF8047B704780B485B000AF786039601D
:10EFE0007B685B68FB603B68FA685A60FB689A68FC
:10EFF0003B689A60FB689B683A685A60FB683A68AD
:10F000009A603B687A681A617B681B685A1C7B6847
:10F010001A6000BF1437BD465DF8047B704780B4AA
:10F0200085B000AF786039603B681B68BB60BB6827
:10F03000B3F1FF3F03D17B681B69FB600CE07B6889
:10F040000833FB6002E0FB685B68FB60FB685B68A1
:10F050001B68BA689A42F6D2FB685A683B685A60E5
:10F060003B685B683A689A603B68FA689A60FB683C
:10F070003A685A603B687A681A617B681B685A1C58
:10F080007B681A6000BF1437BD465DF8047B70478B
:10F0900080B485B000AF78607B681B69FB607B68DB
:10F0A0005B687A6892689A607B689B687A68526845
:10F0B0005A60FB685B687A689A4203D17B689A68F9
:10F0C000FB685A607B6800221A61FB681B685A1E45
:10F0D000FB681A60FB681B6818461437BD465DF86C
:10F0E000047B704780B584B000AF786039607B687E
:10F0F000FB60FB68002B0BD14FF0500383F31188AA
:10F10000BFF36F8FBFF34F8FBB6000BF00BFFDE742
:10F1100002F0E2F8FB681A68FB68DB6BF968096CBF
:10F1200001FB03F31A44FB689A60FB6800229A63B0
:10F13000FB681A68FB685A60FB681A68FB68DB6B3F
:10F14000013BF968096C01FB03F31A44FB68DA60C0
:10F15000FB68FF2283F84420FB68FF2283F84520E8
:10F160003B68002B14D1FB681B69002B1AD0FB688D
:10F170001033184601F07EF90346002B12D00D4BD8
:10F180004FF080521A60BFF34F8FBFF36F8F09E0CB
:10F19000FB6810331846FFF7F1FEFB68243318466E
:10F1A000FFF7ECFE02F0CAF8012318461037BD46FF
:10F1B00080BD00BF04ED00E080B58EB002AFF86006
:10F1C000B9607A603B60FB68002B0BD14FF05003B5
:10F1D00083F31188BFF36F8FBFF34F8FBB6200BF04
:10F1E00000BFFDE73B68002B0BD14FF0500383F3CA
:10F1F0001188BFF36F8FBFF34F8F7B6200BF00BFDB
:10F20000FDE77B68002B02D0BB68002B01D00123F7
:10F2100000E00023002B0BD14FF0500383F3118843
:10F22000BFF36F8FBFF34F8F3B6200BF00BFFDE79F
:10F230007B68002B02D1BB68002B01D1012300E0C9
:10F240000023002B0BD14FF0500383F31188BFF341
:10F250006F8FBFF34F8FFB6100BF00BFFDE75023EF
:10F260007B617B69502B0BD04FF0500383F31188E7
:10F27000BFF36F8FBFF34F8FBB6100BF00BFFDE7D0
:10F280007B693B68FB62FB6A002B0DD0FB6A0122A5
:10F2900083F8462097F83820FB6A009313467A6873
:10F2A000B968F86800F040F8FB6A18463037BD4688
:10F2B00080BD80B58AB002AFF860B9601346FB71BB
:10F2C000FB68002B0BD14FF0500383F31188BFF381
:10F2D0006F8FBFF34F8F3B6100BF00BFFDE7FB683F
:10F2E000BA6802FB03F3FB61FB695033184602F076
:10F2F00015F9B861BB69002B11D0BB697B617B69D3
:10F3000050337B61BB69002283F84620FA79BB69E0
:10F31000009313467A69B968F86800F005F8BB698C
:10F3200018462037BD4680BD80B584B000AFF86078
:10F33000B9607A60FB70BB68002B03D1BB69BA6906
:10F340001A6002E0BB697A681A60BB69FA68DA631E
:10F35000BB69BA681A640121B869FFF7C3FEBB69CB
:10F36000FA7883F84C2000BF1037BD4680BD0000FE
:10F3700080B58EB000AFF860B9607A603B60002362
:10F380007B63FB683B633B6B002B0BD14FF050035F
:10F3900083F31188BFF36F8FBFF34F8FBB6200BF42
:10F3A00000BFFDE7BB68002B03D13B6B1B6C002B40
:10F3B00001D1012300E00023002B0BD14FF05003BB
:10F3C00083F31188BFF36F8FBFF34F8F7B6200BF52
:10F3D00000BFFDE73B68022B03D13B6BDB6B012BCE
:10F3E00001D1012300E00023002B0BD14FF050038B
:10F3F00083F31188BFF36F8FBFF34F8F3B6200BF62
:10F4000000BFFDE701F0FCF90346002B02D17B6849
:10F41000002B01D1012300E00023002B0BD14FF082
:10F42000500383F31188BFF36F8FBFF34F8FFB61DE
:10F4300000BF00BFFDE701F04FFF3B6B9A6B3B6BDA
:10F44000DB6B9A4202D33B68022B29D13A68B96838
:10F45000386B00F00FFAF8623B6B5B6A002B10D040
:10F460003B6B2433184601F005F80346002B13D0FC
:10F470003F4B4FF080521A60BFF34F8FBFF36F8F37
:10F480000AE0FB6A002B07D0394B4FF080521A601C
:10F49000BFF34F8FBFF36F8F01F050FF012363E085
:10F4A0007B68002B03D101F049FF00235CE07B6BFC
:10F4B000002B06D107F11403184601F03FF8012391
:10F4C0007B6301F03BFF00F0A7FD01F005FF3B6B04
:10F4D00093F844305BB2B3F1FF3F03D13B6B0022A2
:10F4E00083F844203B6B93F845305BB2B3F1FF3FA8
:10F4F00003D13B6B002283F8452001F01FFF3A1D2A
:10F5000007F114031146184601F02EF80346002BAC
:10F5100024D1386B00F0A6FA0346002B18D03B6BC1
:10F5200010337A681146184600F052FF386B00F02D
:10F5300031FA00F07FFD0346002B7FF47CAF0C4BCB
:10F540004FF080521A60BFF34F8FBFF36F8F72E797
:10F55000386B00F01FFA00F06DFD6CE7386B00F0BF
:10F5600019FA00F067FD002318463837BD4680BD04
:10F5700004ED00E080B590B000AFF860B9607A604B
:10F580003B60FB68BB63BB6B002B0BD14FF05003A0
:10F5900083F31188BFF36F8FBFF34F8FBB6200BF40
:10F5A00000BFFDE7BB68002B03D1BB6B1B6C002BBE
:10F5B00001D1012300E00023002B0BD14FF05003B9
:10F5C00083F31188BFF36F8FBFF34F8F7B6200BF50
:10F5D00000BFFDE73B68022B03D1BB6BDB6B012B4C
:10F5E00001D1012300E00023002B0BD14FF0500389
:10F5F00083F31188BFF36F8FBFF34F8F3B6200BF60
:10F6000000BFFDE701F048FFEFF311824FF0500318
:10F6100083F31188BFF36F8FBFF34F8FFA61BB6124
:10F62000FB697B63BB6B9A6BBB6BDB6B9A4202D350
:10F630003B68022B2FD1BB6B93F8453087F83330F2
:10F64000BB6B9B6BFB623A68B968B86B00F012F950
:10F6500097F93330B3F1FF3F12D1BB6B5B6A002BDC
:10F6600016D0BB6B2433184600F004FF0346002B72
:10F670000ED07B68002B0BD07B6801221A6007E05C
:10F6800097F833300133DBB25AB2BB6B83F84520B5
:10F690000123FB6301E00023FB637B6B7B617B69E0
:10F6A00083F3118800BFFB6B18464037BD4680BD11
:10F6B00080B58CB000AFF860B9607A600023FB625F
:10F6C000FB68BB62BB6A002B0BD14FF0500383F386
:10F6D0001188BFF36F8FBFF34F8F3B6200BF00BF36
:10F6E000FDE7BB68002B03D1BB6A1B6C002B01D16B
:10F6F000012300E00023002B0BD14FF0500383F3D4
:10F700001188BFF36F8FBFF34F8FFB6100BF00BF46
:10F71000FDE701F075F80346002B02D17B68002B52
:10F7200001D1012300E00023002B0BD14FF0500347
:10F7300083F31188BFF36F8FBFF34F8FBB6100BF9F
:10F7400000BFFDE701F0C8FDBB6A9B6B7B627B6A73
:10F75000002B1FD0B968B86A00F0F6F87B6A5A1E11
:10F76000BB6A9A63BB6A1B69002B0FD0BB6A10335C
:10F77000184600F07FFE0346002B07D03C4B4FF0AD
:10F7800080521A60BFF34F8FBFF36F8F01F0D6FD29
:10F79000012369E07B68002B03D101F0CFFD00233A
:10F7A00062E0FB6A002B06D107F11003184600F057
:10F7B000C5FE0123FB6201F0C1FD00F02DFC01F04C
:10F7C0008BFDBB6A93F844305BB2B3F1FF3F03D1CA
:10F7D000BB6A002283F84420BB6A93F845305BB2D1
:10F7E000B3F1FF3F03D1BB6A002283F8452001F04B
:10F7F000A5FD3A1D07F110031146184600F0B4FEAE
:10F800000346002B23D1B86A00F016F90346002BFB
:10F8100017D0BB6A24337A681146184600F0D8FD29
:10F82000B86A00F0B7F800F005FC0346002B89D158
:10F830000F4B4FF080521A60BFF34F8FBFF36F8FA3
:10F8400080E7B86A00F0A6F800F0F4FB7AE7B86A3F
:10F8500000F0A0F800F0EEFBB86A00F0EDF8034607
:10F86000002B3FF46FAF002318463037BD4680BDF4
:10F8700004ED00E080B586B000AFF860B9607A6052
:10F8800000237B61FB689B6B3B61FB681B6C002B5F
:10F890000DD1FB681B68002B4DD1FB689B68184697
:10F8A00000F0CCFF7861FB6800229A6043E07B683F
:10F8B000002B19D1FB685868FB681B6C1A46B968A5
:10F8C00002F0E4F9FB685A68FB681B6C1A44FB6899
:10F8D0005A60FB685A68FB689B689A422BD3FB68A6
:10F8E0001A68FB685A6026E0FB68D868FB681B6CE6
:10F8F0001A46B96802F0CAF9FB68DA68FB681B6C43
:10F900005B421A44FB68DA60FB68DA68FB681B68D4
:10F910009A4207D2FB689A68FB681B6C5B421A44E8
:10F92000FB68DA607B68022B05D13B69002B02D0B3
:10F930003B69013B3B613B695A1CFB689A637B69ED
:10F9400018461837BD4680BD80B582B000AF7860DC
:10F9500039607B681B6C002B18D07B68DA687B6889
:10F960001B6C1A447B68DA607B68DA687B689B688A
:10F970009A4203D37B681A687B68DA607B68D9682F
:10F980007B681B6C1A46386802F080F900BF0837A4
:10F99000BD4680BD80B584B000AF786001F09CFCAE
:10F9A0007B6893F84530FB7311E07B685B6A002B42
:10F9B00012D07B682433184600F05CFD0346002B10
:10F9C00001D000F035FEFB7B013BDBB2FB7397F906
:10F9D0000F30002BE9DC00E000BF7B68FF2283F8DA
:10F9E000452001F0ABFC01F077FC7B6893F84430D4
:10F9F000BB7311E07B681B69002B12D07B6810334E
:10FA0000184600F037FD0346002B01D000F010FE31
:10FA1000BB7B013BDBB2BB7397F90E30002BE9DCFB
:10FA200000E000BF7B68FF2283F8442001F086FCE1
:10FA300000BF1037BD4680BD80B584B000AF786090
:10FA400001F04AFC7B689B6B002B02D10123FB6019
:10FA500001E00023FB6001F071FCFB6818461037E1
:10FA6000BD4680BD80B584B000AF786001F034FC45
:10FA70007B689A6B7B68DB6B9A4202D10123FB6047
:10FA800001E00023FB6001F059FCFB6818461037C9
:10FA9000BD4680BD80B485B000AF7860396000237A
:10FAA000FB6014E00F4AFB6852F83330002B0BD197
:10FAB0000C49FB683A6841F833200A4AFB68DB00CE
:10FAC00013447A685A6006E0FB680133FB60FB6808
:10FAD000072BE7D900BF00BF1437BD465DF8047B94
:10FAE000704700BF1C0F002480B586B000AFF860DF
:10FAF000B9607A60FB687B6101F0EEFB7B6993F88B
:10FB000044305BB2B3F1FF3F03D17B69002283F83D
:10FB100044207B6993F845305BB2B3F1FF3F03D1DA
:10FB20007B69002283F8452001F008FC7B699B6B10
:10FB3000002B06D17B6924337A68B968184600F037
:10FB40006DFC7869FFF726FF00BF1837BD4680BD02
:10FB500080B58EB004AFF860B9607A603B607B6BB3
:10FB6000002B0BD14FF0500383F31188BFF36F8F3D
:10FB7000BFF34F8F3B6200BF00BFFDE7BB6B002BA5
:10FB80000BD14FF0500383F31188BFF36F8FBFF396
:10FB90004F8FFB6100BF00BFFDE7A8233B613B69BE
:10FBA000A82B0BD04FF0500383F31188BFF36F8F56
:10FBB000BFF34F8FBB6100BF00BFFDE73B69BB6B6D
:10FBC000002B1ED07B6B002B1BD0BB6B7B627B6A38
:10FBD0007A6B1A637B6A022283F8A52000230393C1
:10FBE0007B6A029307F1140301933B6B00933B681C
:10FBF0007A68B968F86800F051F8786A00F0F6F8A9
:10FC000001E000237B617B6918462837BD4680BD33
:10FC100080B58CB004AFF860B9603B601346FB80E0
:10FC2000FB889B00184601F079FC78617B69002B0A
:10FC30000ED0A82001F072FCF861FB69002B03D004
:10FC4000FB697A691A6305E0786901F035FD01E026
:10FC50000023FB61FB69002B17D0FB69002283F8AE
:10FC6000A520FA8800230393FB690293FB6A0193A2
:10FC7000BB6A00933B68B968F86800F00FF8F86950
:10FC800000F0B4F80123BB6102E04FF0FF33BB6129
:10FC9000BB6918462037BD4680BD000080B588B0DE
:10FCA00000AFF860B9607A603B603B6B186B7B68B3
:10FCB0009B001A46A52101F047FF3B6B1A6B796840
:10FCC0006FF040430B449B001344BB61BB6923F0BE
:10FCD0000703BB61BB6903F00703002B0BD04FF098
:10FCE000500383F31188BFF36F8FBFF34F8F7B6196
:10FCF00000BF00BFFDE7BB68002B1FD00023FB61E6
:10FD000012E0BA68FB69134419783A6BFB69134433
:10FD100034330A461A70BA68FB6913441B78002B07
:10FD200006D0FB690133FB61FB690F2BE9D900E0C9
:10FD300000BF3B6B002283F8432003E03B6B0022B3
:10FD400083F83420BB6A372B01D93723BB623B6B66
:10FD5000BA6ADA623B6BBA6ADA643B6B00221A65F4
:10FD60003B6B04331846FFF729F93B6B18331846F1
:10FD7000FFF724F93B6B3A6B1A61BB6AC3F1380297
:10FD80003B6B9A613B6B3A6B5A623B6B0022C3F848
:10FD9000A0203B6B002283F8A4203B6B54334C2201
:10FDA0000021184601F0D0FE3B6B0D4A9A653B6B73
:10FDB0000C4ADA653B6B0C4A1A663A68F968B8690E
:10FDC00001F05AF902463B6B1A60FB6A002B02D025
:10FDD000FB6A3A6B1A6000BF2037BD4680BD00BF8A
:10FDE000B8510024205200248852002480B582B0EB
:10FDF00000AF786001F070FA2D4B1B6801332C4A7C
:10FE000013602C4B1B68002B09D12A4A7B681360B6
:10FE1000274B1B68012B10D100F02EFC0DE0264B68
:10FE20001B68002B09D1234B1B68DA6A7B68DB6AED
:10FE30009A4202D81F4A7B681360204B1B6801332B
:10FE40001E4A13601D4B1A687B685A647B68DA6A25
:10FE50001B4B1B689A4203D97B68DB6A184A136004
:10FE60007B68DA6A13469B0013449B00154A1A44C8
:10FE70007B68043319461046FFF7ADF801F05EFACF
:10FE80000D4B1B68002B0ED00A4B1B68DA6A7B688F
:10FE9000DB6A9A4207D20C4B4FF080521A60BFF3D4
:10FEA0004F8FBFF36F8F00BF0837BD4680BD00BFC7
:10FEB000301400245C0F00243C1400244C14002453
:10FEC00038140024600F002404ED00E080B584B0F5
:10FED00000AF78600023FB607B68002B18D0144BC8
:10FEE0001B68002B0BD04FF0500383F31188BFF336
:10FEF0006F8FBFF34F8FBB6000BF00BFFDE700F007
:10FF00008BF80021786800F009FD00F093F8F860A4
:10FF1000FB68002B07D1074B4FF080521A60BFF3EC
:10FF20004F8FBFF36F8F00BF1037BD4680BD00BF3E
:10FF30005814002404ED00E080B58AB004AF00231B
:10FF4000BB6000237B603A46391D07F10803184661
:10FF5000FEF7E0FF39687B68BA68029201930023DC
:10FF6000009300230A4624492448FFF7F1FD034685
:10FF7000234A1360224B1B68002B02D001237B61B4
:10FF800001E000237B617B69012B02D100F01AFDA7
:10FF900078617B69012B1BD14FF0500383F31188EB
:10FFA000BFF36F8FBFF34F8F3B6100BF154B1B68D3
:10FFB0005433154A1360154B4FF0FF321A60144B3F
:10FFC00001221A60134B00221A6001F0E1F80FE0E1
:10FFD0007B69B3F1FF3F0BD14FF0500383F31188DE
:10FFE000BFF36F8FBFF34F8FFB6000BF00BFFDE714
:10FFF00000BF1837BD4680BDA04D01084906010865
:020000040801F1
:10000000541400245C0F00246801002450140024C0
:100010003C1400243414002480B400AF044B1B684B
:100020000133034A136000BFBD465DF8047B70478F
:100030005814002480B584B000AF0023FB60002377
:10004000BB60424B1B68002B0BD14FF0500383F376
:100050001188BFF36F8FBFF34F8F3B6000BF00BFAE
:10006000FDE701F039F9394B1B68013B374A136052
:10007000364B1B68002B62D1354B1B68002B5ED0C2
:100080002FE0344BDB68DB68FB60FB6818331846F5
:10009000FEF7FEFFFB6804331846FEF7F9FFFB6826
:1000A000DA6A2D4B1B689A4203D9FB68DB6A2A4A3D
:1000B0001360FB68DA6A13469B0013449B00274ACF
:1000C0001A44FB68043319461046FEF784FFFB68A8
:1000D000DA6A234B1B68DB6A9A4202D3214B012266
:1000E0001A601C4B1B68002BCBD1FB68002B01D086
:1000F00000F066FB1C4B1B687B607B68002B10D0FC
:1001000000F046F80346002B02D0164B01221A607D
:100110007B68013B7B607B68002BF1D1124B002296
:100120001A60104B1B68002B09D00123BB600F4BDA
:100130004FF080521A60BFF34F8FBFF36F8F01F003
:10014000FDF8BB6818461037BD4680BD5814002422
:1001500030140024F013002438140024600F00240D
:100160005C0F0024441400244014002404ED00E03B
:1001700080B483B000AF054B1B687B607B6818467A
:100180000C37BD465DF8047B704700BF3414002473
:1001900080B586B000AF00237B614F4B1B68002BFE
:1001A00040F090804D4B1B6801333B614B4A3B69EB
:1001B00013603B69002B21D1494B1B681B68002B46
:1001C0000BD04FF0500383F31188BFF36F8FBFF351
:1001D0004F8F3B6000BF00BFFDE7414B1B68FB60DA
:1001E000404B1B683E4A13603E4AFB6813603E4B1F
:1001F0001B6801333C4A136000F0E2FA3B4B1B687A
:100200003A699A4249D3364B1B681B68002B04D1CC
:10021000364B4FF0FF321A603FE0314B1B68DB6812
:10022000DB68BB60BB685B687B603A697B689A424D
:1002300003D22E4A7B6813602FE0BB680433184654
:10024000FEF726FFBB689B6A002B04D0BB681833FF
:100250001846FEF71DFFBB68DA6A254B1B689A42F9
:1002600003D9BB68DB6A224A1360BB68DA6A1346AB
:100270009B0013449B001F4A1A44BB680433194671
:100280001046FEF7A8FEBB68DA6A1B4B1B68DB6AE8
:100290009A42B8D301237B61B5E7174B1B68DA6A32
:1002A000144913469B0013449B000B441B68012B0D
:1002B00001D901237B61114B1B68002B07D001235F
:1002C0007B6104E00E4B1B6801330D4A13607B69B0
:1002D00018461837BD4680BD581400243414002435
:1002E000E8130024EC1300244814002450140024C4
:1002F00038140024600F00245C0F002444140024F0
:100300004014002480B485B000AF2B4B1B68002B39
:1003100003D02A4B01221A6047E0284B00221A60C2
:10032000274B1B68FB6011E0FB68002B0BD14FF0E3
:10033000500383F31188BFF36F8FBFF34F8F7B6040
:1003400000BF00BFFDE7FB68013BFB601D49FA6889
:1003500013469B0013449B000B441B68002BE3D007
:10036000FA6813469B0013449B00164A1344BB6073
:10037000BB685B685A68BB685A60BB685A68BB68F0
:1003800008339A4204D1BB685B685A68BB685A60FC
:10039000BB685B68DB680C4A1360094AFB68136042
:1003A000094B1B685433094A136000BF1437BD461C
:1003B0005DF8047B704700BF5814002444140024E7
:1003C00038140024600F00245C0F0024680100240E
:1003D00080B584B000AF786039607B68002B0BD1AA
:1003E0004FF0500383F31188BFF36F8FBFF34F8F2C
:1003F000FB6000BF00BFFDE7074B1B6818331946C1
:100400007868FEF70CFE0121386800F087FA00BF1B
:100410001037BD4680BD00BF5C0F002480B586B09C
:1004200000AFF860B9607A60FB68002B0BD14FF029
:10043000500383F31188BFF36F8FBFF34F8F7B613E
:1004400000BF00BFFDE70A4B1B6818331946F86868
:10045000FEF7C1FD7B68002B02D04FF0FF33BB607D
:100460007968B86800F05AFA00BF1837BD4680BDF9
:100470005C0F002480B586B000AF78607B68DB68D5
:10048000DB683B613B69002B0BD14FF0500383F3DA
:100490001188BFF36F8FBFF34F8FFB6000BF00BFAA
:1004A000FDE73B6918331846FEF7F2FD1D4B1B684C
:1004B000002B1DD13B6904331846FEF7E9FD3B696B
:1004C000DA6A194B1B689A4203D93B69DB6A164A00
:1004D00013603B69DA6A13469B0013449B00134A7E
:1004E0001A443B69043319461046FEF774FD05E0D3
:1004F0003B69183319460E48FEF76DFD3B69DA6A11
:100500000C4B1B68DB6A9A4205D901237B610A4BBD
:1005100001221A6001E000237B617B6918461837CD
:10052000BD4680BD5814002438140024600F0024F8
:10053000F01300245C0F00244414002480B483B022
:1005400000AF7860064B1A687B681A60054B1A6822
:100550007B685A6000BF0C37BD465DF8047B70476E
:10056000481400243414002480B588B000AF7860AB
:1005700039607B68002B0BD14FF0500383F3118857
:10058000BFF36F8FBFF34F8F3B6100BF00BFFDE72D
:100590003B68002B0BD14FF0500383F31188BFF35E
:1005A0006F8FBFF34F8FFB6000BF00BFFDE700F010
:1005B00093FE1D4B1B68BB617B685B68BA69D31AED
:1005C0007B613B681B68B3F1FF3F02D10023FB61F5
:1005D00023E07B681A68154B1B689A4207D07B683A
:1005E0005B68BA699A4202D30123FB6115E03B685C
:1005F0001B687A699A420BD23B681A687B69D21AE7
:100600003B681A607868FFF799FF0023FB6104E0FC
:100610003B6800221A600123FB6100F08FFEFB693A
:1006200018462037BD4680BD3414002448140024E9
:1006300080B400AF034B01221A6000BFBD465DF8D5
:10064000047B70474414002480B582B000AF78600A
:1006500000F052F8064B1B68012BF9D9054B4FF0FF
:1006600080521A60BFF34F8FBFF36F8FF0E700BF68
:10067000600F002404ED00E080B582B000AF0023DD
:100680007B600CE07A6813469B0013449B00124A7F
:1006900013441846FEF772FC7B6801337B607B686D
:1006A000372BEFD90D48FEF769FC0D48FEF766FCC5
:1006B0000C48FEF763FC0C48FEF760FC0B48FEF7A5
:1006C0005DFC0B4B054A1A600A4B054A1A6000BFD5
:1006D0000837BD4680BD00BF600F0024C013002452
:1006E000D4130024F0130024041400241C14002448
:1006F000E8130024EC13002480B582B000AF19E0A9
:1007000000F0EAFD104BDB68DB687B607B6804333C
:100710001846FEF7BDFC0D4B1B68013B0B4A1360EE
:100720000B4B1B68013B0A4A136000F007FE786818
:1007300000F010F8064B1B68002BE1D100BF00BF92
:100740000837BD4680BD00BF0414002430140024C7
:100750001814002480B584B000AF78607B685433EF
:10076000184601F0F9F97B6893F8A530002B08D101
:100770007B681B6B184600F09FFF786800F09CFFB9
:1007800019E07B6893F8A530012B03D1786800F05D
:1007900093FF10E07B6893F8A530022B0BD04FF04D
:1007A000500383F31188BFF36F8FBFF34F8FFB604C
:1007B00000BF00BFFDE700BF1037BD4680BD000091
:1007C00080B483B000AF0C4B1B681B68002B04D1B6
:1007D0000A4B4FF0FF321A6008E0074B1B68DB68DA
:1007E000DB687B607B685B68044A136000BF0C3782
:1007F000BD465DF8047B7047E813002450140024C4
:1008000080B483B000AF0B4B1B68002B02D10123D7
:100810007B6008E0084B1B68002B02D102237B6041
:1008200001E000237B607B6818460C37BD465DF80D
:10083000047B70473C1400245814002480B586B013
:1008400000AF78607B683B6100237B617B68002B95
:1008500058D02F4B1B683A699A420BD04FF0500387
:1008600083F31188BFF36F8FBFF34F8FFB6000BF1F
:1008700000BFFDE73B691B6D002B0BD14FF0500310
:1008800083F31188BFF36F8FBFF34F8FBB6000BF3F
:1008900000BFFDE73B691B6D5A1E3B691A653B694A
:1008A000DA6A3B69DB6C9A422CD03B691B6D002BEA
:1008B00028D13B6904331846FEF7EAFB3B69DA6C42
:1008C0003B69DA623B69DB6AC3F138023B699A61D2
:1008D0003B69DA6A0F4B1B689A4203D93B69DB6AB2
:1008E0000C4A13603B69DA6A13469B0013449B0071
:1008F000094A1A443B69043319461046FEF76BFB5C
:1009000001237B617B6918461837BD4680BD00BF57
:100910005C0F002438140024600F002480B584B0DC
:1009200000AF78603960214B1B68FB60204B1B686F
:1009300004331846FEF7ACFB7B68B3F1FF3F0AD1E6
:100940003B68002B07D01A4B1B6804331946194823
:10095000FEF741FB26E0FA687B681344BB60144B4A
:100960001B68BA685A60BA68FB689A4209D2124B8F
:100970001A680F4B1B68043319461046FEF74FFBED
:1009800010E00E4B1A680A4B1B68043319461046D8
:10099000FEF745FB0A4B1B68BA689A4202D2084A26
:1009A000BB68136000BF1037BD4680BD34140024FF
:1009B0005C0F00241C140024EC130024E813002412
:1009C0005014002480B58AB004AF00237B6100F08E
:1009D00013FB1D4B1B68002B21D00023FB60002361
:1009E000BB603A1D07F1080107F10C031846FEF73A
:1009F000ABFA7968BB68FA6802920193022300930C
:100A000000230A4611491248FFF7A2F80346114A8B
:100A10001360104B1B68002B01D001237B617B69A5
:100A2000002B0BD14FF0500383F31188BFF36F8F6E
:100A3000BFF34F8F3B6100BF00BFFDE77B691846E6
:100A40001837BD4680BD00BF8C140024A84D010896
:100A5000910B01089014002480B58AB000AFF860B3
:100A6000B9607A603B6000237B62FB68002B0BD18E
:100A70004FF0500383F31188BFF36F8FBFF34F8F95
:100A80003B6200BF00BFFDE7194B1B68002B2AD05B
:100A9000BB683B617B687B61FB68BB61BB68052B06
:100AA00018DCFFF7ADFE0346022B09D1104B186886
:100AB00007F1100100233A6BFEF75AFC786212E04E
:100AC0000B4B186807F1100100230022FEF750FCC1
:100AD000786208E0064B186807F1100100233A68B5
:100AE000FEF748FD78627B6A18462837BD4680BD10
:100AF0008C14002480B588B002AF78603960234B35
:100B00001B68DB68DB687B617B6904331846FEF792
:100B1000BFFA7B6993F8283003F00403002B23D03D
:100B20007B699A697B68D1187B683A68786900F0BC
:100B3000D5F80346002B20D00023009300237A68C9
:100B400000217869FFF788FF38613B69002B14D1D9
:100B50004FF0500383F31188BFF36F8FBFF34F8FB4
:100B6000FB6000BF00BFFDE77B6993F8283023F0EE
:100B70000103DAB27B6983F828207B691B6A7869F4
:100B8000984700BF1837BD4680BD00BF84140024BD
:100B900080B584B000AF786007F10803184600F014
:100BA00059F8F860BB681946F86800F005F800F0DD
:100BB000D7F800BFF0E7000080B584B000AF7860E0
:100BC0003960FFF729FA07F10803184600F066F8C4
:100BD000F860BB68002B30D13B68002B0AD17A68E3
:100BE000FB689A4206D8FFF725FAF9687868FFF79C
:100BF00081FF24E03B68002B08D0134B1B681B6867
:100C0000002B01D1012300E000233B600F4B18684B
:100C10007A68FB68D31A3A681946FEF765FFFFF752
:100C200009FA0346002B0AD1094B4FF080521A6093
:100C3000BFF34F8FBFF36F8F01E0FFF7FBF900BFEA
:100C40001037BD4680BD00BF881400248C140024DA
:100C500004ED00E080B485B000AF78600E4B1B68F7
:100C60001B68002B01D1012200E000227B681A6082
:100C70007B681B68002B05D1074B1B68DB681B6872
:100C8000FB6001E00023FB60FB6818461437BD469B
:100C90005DF8047B704700BF8414002480B584B0E5
:100CA00000AF7860FFF764FAF8600B4B1B68FA68D6
:100CB0009A4205D200F03AF97B6801221A6002E0FC
:100CC0007B6800221A60044AFB681360FB681846C0
:100CD0001037BD4680BD00BF9414002480B586B097
:100CE00000AFF860B9607A603B6000237B61FB680D
:100CF000BA685A60FB68FA681A61BA687B689A42F7
:100D000012D87A683B68D21AFB689B699A4202D370
:100D100001237B611BE0104B1A68FB680433194602
:100D20001046FEF77CF912E07A683B689A4206D2D8
:100D3000BA683B689A4202D301237B6107E0074B04
:100D40001A68FB68043319461046FEF768F97B6998
:100D500018461837BD4680BD88140024841400242A
:100D600080B58EB002AFCEE07B68002B19DA3B1D58
:100D70000433FB62FB6A002B0BD14FF0500383F36B
:100D80001188BFF36F8FBFF34F8FFB6100BF00BFB0
:100D9000FDE7FB6A1B68FA6A5068FA6A92681146B6
:100DA00098477B68002BC0F2AE80FB68BB62BB6AD1
:100DB0005B69002B04D0BB6A04331846FEF768F960
:100DC0003B461846FFF76AFF78627B68092B00F202
:100DD000978001A252F823F0010E0108010E0108CC
:100DE000010E0108770E01088B0E0108D70E0108CD
:100DF000010E0108010E0108770E01088B0E010893
:100E0000BB6A93F8283043F00103DAB2BB6A83F877
:100E10002820BA68BB6A9B69D118BB687A6AB86A2D
:100E2000FFF75CFF0346002B6CD0BB6A1B6AB86AF5
:100E30009847BB6A93F8283003F00403002B61D075
:100E4000BA68BB6A9B691A440023009300230021FF
:100E5000B86AFFF701FE38623B6A002B52D14FF0AF
:100E6000500383F31188BFF36F8FBFF34F8FBB61C4
:100E700000BF00BFFDE7BB6A93F8283023F00103F1
:100E8000DAB2BB6A83F828203DE0BB6A93F82830C9
:100E900043F00103DAB2BB6A83F82820BA68BB6A60
:100EA0009A61BB6A9B69002B0BD14FF0500383F30F
:100EB0001188BFF36F8FBFF34F8F7B6100BF00BFFF
:100EC000FDE7BB6A9A697B6AD1187B6A7A6AB86A5D
:100ED000FFF704FF17E0BB6A93F8283003F0020322
:100EE000002B03D1B86A00F0E7FB0CE0BB6A93F873
:100EF000283023F00103DAB2BB6A83F8282002E02D
:100F000000BF00E000BF084B1B68391D00221846D7
:100F1000FEF7CEFB0346002B7FF426AF00BF00BFD9
:100F20003037BD4680BD00BF8C14002480B588B02A
:100F300002AF49E02E4B1B68DB681B683B612C4B02
:100F40001B68DB68DB68FB60FB6804331846FEF750
:100F50009FF8FB681B6AF8689847FB6893F828308D
:100F600003F00403002B2FD0FB689B693A691344FC
:100F7000BB60BA683B699A420ED9FB68BA685A608E
:100F8000FB68FA681A611A4B1A68FB680433194641
:100F90001046FEF744F817E00023009300233A6957
:100FA0000021F868FFF758FD78607B68002B0BD1B3
:100FB0004FF0500383F31188BFF36F8FBFF34F8F50
:100FC0003B6000BF00BFFDE7094B1B681B68002B9F
:100FD000B0D1074B1B687B61064B1B68044A13604A
:100FE000044A7B69136000BF1837BD4680BD00BF4F
:100FF000841400248814002480B582B002AF00F06D
:101000006BF9154B1B68002B20D11448FDF7B6FF78
:101010001348FDF7B3FF134B104A1A60124B104AE6
:101020001A6000230093114B114A10210A20FEF789
:10103000C3F80346084A1360074B1B68002B05D012
:10104000054B1B680B491846FEF724FD00F076F9A6
:1010500000BFBD4680BD00BF8C1400245C1400247A
:1010600070140024841400248814002438150024EB
:1010700098140024B04D010880B485B000AFF8602A
:10108000B9607A60FB68043BFB60FB684FF08072DC
:101090001A60FB68043BFB60BB6823F00102FB683D
:1010A0001A60FB68043BFB600C4AFB681A60FB6833
:1010B000143BFB607A68FB681A60FB68043BFB60CA
:1010C000FB686FF002021A60FB68203BFB60FB6864
:1010D00018461437BD465DF8047B7047E1100108DF
:1010E00080B485B000AF00237B60134B1B68B3F165
:1010F000FF3F0BD04FF0500383F31188BFF36F8F86
:10110000BFF34F8FFB6000BF00BFFDE74FF0500300
:1011100083F31188BFF36F8FBFF34F8FBB6000BFA6
:1011200000BF7B68002BFCD000BF00BF1437BD465A
:101130005DF8047B704700BF6401002400000000DC
:10114000074B19680868B0E8F04F80F30988BFF3CF
:101150006F8F4FF0000080F311887047AFF300806D
:101160005C0F002400BF00BF08480068006880F3DF
:1011700008884FF0000080F3148862B661B6BFF3B0
:101180004F8FBFF36F8F00DF00BF00BF08ED00E09F
:1011900080B586B000AF474B1B68474A93420BD1DE
:1011A0004FF0500383F31188BFF36F8FBFF34F8F5E
:1011B000FB6000BF00BFFDE73E4B1B683F4A934208
:1011C0000BD14FF0500383F31188BFF36F8FBFF340
:1011D0004F8F3B6100BF00BFFDE7394B7B617B69EF
:1011E0001B78DBB27B607B69FF221A707B691B78FE
:1011F000DBB2FB70FB78DBB203F05003DAB2314BA9
:101200001A70314B07221A6009E02F4B1B68013B13
:101210002D4A1360FB78DBB25B00DBB2FB70FB781E
:10122000DBB203F08003802BEFD0274B1B68C3F1A8
:101230000703042B0BD04FF0500383F31188BFF347
:101240006F8FBFF34F8FBB6000BF00BFFDE71E4B2A
:101250001B681B021C4A13601B4B1B6803F4E063F2
:10126000194A13607B68DAB27B691A70174B1B68E6
:10127000164A43F470031360144B1B68134A43F07F
:101280007043136000F0DAF8114B00221A6000F08E
:10129000F9F8104B1B680F4A43F040431360FFF707
:1012A00063FFFFF72FF8FFF71BFF002318461837DF
:1012B000BD4680BD00ED00E071C20F4170C20F411C
:1012C00000E400E0881500248C15002420ED00E0E7
:1012D0006401002434EF00E080B483B000AF4FF02D
:1012E000500383F31188BFF36F8FBFF34F8F7B6081
:1012F00000BF104B1B6801330E4A13600D4B1B6877
:10130000012B10D10C4B1B68DBB2002B0BD04FF024
:10131000500383F31188BFF36F8FBFF34F8F3B6090
:1013200000BF00BFFDE700BF0C37BD465DF8047B82
:10133000704700BF6401002404ED00E080B483B076
:1013400000AF124B1B68002B0BD14FF0500383F3FF
:101350001188BFF36F8FBFF34F8F7B6000BF00BF5B
:10136000FDE70A4B1B68013B084A1360074B1B68EB
:10137000002B05D100233B603B6883F3118800BF3D
:1013800000BF0C37BD465DF8047B70476401002444
:10139000EFF30980BFF36F8F154B1A681EF0100F23
:1013A00008BF20ED108A20E9F04F10602DE90900F8
:1013B0004FF0500080F31188BFF34F8FBFF36F8F52
:1013C000FEF7A0FF4FF0000080F3118809BC1968F8
:1013D0000868B0E8F04F1EF0100F08BFB0EC108A9C
:1013E00080F30988BFF36F8F704700BFAFF30080B1
:1013F0005C0F002400BF00BF80B582B000AF4FF08B
:10140000500383F31188BFF36F8FBFF34F8F7B605F
:1014100000BFFEF7BDFE0346002B03D0064B4FF086
:1014200080521A6000233B603B6883F3118800BF41
:1014300000BF0837BD4680BD04ED00E080B400AFBA
:101440000B4B00221A600B4B00221A600A4B1B68E0
:101450000A4AA2FB03239B09094A013B1360044B80
:1014600007221A6000BFBD465DF8047B704700BFCD
:1014700010E000E018E000E054010024D34D6210B9
:1014800014E000E0DFF80C00016841F47001016035
:10149000704700BF88ED00E080B485B000AFEFF387
:1014A0000583FB60FB680F2B15D9184AFB681344B2
:1014B0001B78FB72164B1B78FA7A9A420BD24FF0CC
:1014C000500383F31188BFF36F8FBFF34F8F7B609F
:1014D00000BF00BFFDE70F4B1B6803F4E0620E4B3B
:1014E0001B689A420BD94FF0500383F31188BFF366
:1014F0006F8FBFF34F8F3B6000BF00BFFDE700BFA2
:101500001437BD465DF8047B704700BFF0E300E090
:10151000881500240CED00E08C15002480B58AB0FD
:1015200000AF78600023FB61FEF776FD5C4B1B6823
:10153000002B01D100F024F95A4B1A687B68134044
:10154000002B40F095807B68002B1ED008227B6822
:1015500013447B607B6803F00703002B15D07B6886
:1015600023F0070308337B607B6803F00703002B3D
:101570000BD04FF0500383F31188BFF36F8FBFF38D
:101580004F8F7B6100BF00BFFDE77B68002B6FD0F2
:10159000454B1B687A689A426AD8444B3B62434B7E
:1015A0001B687B6204E07B6A3B627B6A1B687B6230
:1015B0007B6A5B687A689A4203D97B6A1B68002B56
:1015C000F1D1374B1B687A6A9A4251D03B6A1B684B
:1015D00008221344FB617B6A1A683B6A1A607B6AC3
:1015E0005A687B68D21A08235B009A4220D97A6A2B
:1015F0007B681344BB61BB6903F00703002B0BD06E
:101600004FF0500383F31188BFF36F8FBFF34F8FF9
:101610003B6100BF00BFFDE77B6A5A687B68D21A56
:10162000BB695A607B6A7A685A60B86900F00AF947
:101630001D4B1A687B6A5B68D31A1B4A13601A4BEE
:101640001A681B4B1B689A4203D2174B1B68184A37
:1016500013607B6A5A68134B1B681A437B6A5A6093
:101660007B6A00221A60134B1B680133114A136016
:10167000FEF7E0FCFB6903F00703002B0BD04FF0F3
:10168000500383F31188BFF36F8FBFF34F8FFB605D
:1016900000BF00BFFDE7FB6918462837BD4680BD87
:1016A00098510024AC5100249C51002490510024F6
:1016B000A0510024A451002480B586B000AF78600A
:1016C0007B687B617B68002B4FD008235B427A6983
:1016D00013447B617B693B613B695A68254B1B68FE
:1016E0001340002B0BD14FF0500383F31188BFF34D
:1016F0006F8FBFF34F8FFB6000BF00BFFDE73B69FB
:101700001B68002B0BD04FF0500383F31188BFF3FD
:101710006F8FBFF34F8FBB6000BF00BFFDE73B691A
:101720005A68144B1B681340002B1ED03B691B6882
:10173000002B1AD13B695A680E4B1B68DB431A40D9
:101740003B695A60FEF768FC3B695A680A4B1B68A4
:101750001344094A1360386900F074F8074B1B689A
:101760000133064A1360FEF765FC00BF1837BD461B
:1017700080BD00BFAC5100249C510024A85100241E
:1017800080B485B000AF4FF47053BB60274BFB6053
:10179000FB6803F00703002B0CD0FB680733FB60EA
:1017A000FB6823F00703FB60BA68FB68D31A1F4A83
:1017B0001344BB60FB687B601D4A7B6813601C4B55
:1017C00000225A607B68BA681344FB600822FB68F9
:1017D0009B1AFB60FB6823F00703FB60FB68154A5C
:1017E0001360144B1B6800225A60124B1B680022C6
:1017F0001A607B683B603B68FA68D21A3B685A60A3
:101800000C4B1A683B681A603B685B680A4A1360B5
:101810003B685B68094A1360094B4FF000421A604D
:1018200000BF1437BD465DF8047B70479015002457
:101830009051002498510024A05100249C51002470
:10184000AC51002480B485B000AF7860284BFB60B9
:1018500002E0FB681B68FB60FB681B687A689A42C1
:10186000F7D8FB68BB60FB685B68BA6813447A68AA
:101870009A4208D1FB685A687B685B681A44FB6827
:101880005A60FB687B607B68BB607B685B68BA689A
:101890001A44FB681B689A4218D1FB681A68154BFA
:1018A0001B689A420DD07B685A68FB681B685B68AE
:1018B0001A447B685A60FB681B681A687B681A6068
:1018C00008E00C4B1A687B681A6003E0FB681A6832
:1018D0007B681A60FA687B689A4202D0FB687A6873
:1018E0001A6000BF1437BD465DF8047B704700BF27
:1018F0009051002498510024024B0146186800F0D2
:101900002DB800BF68010024024B0146186800F0A2
:10191000CBB900BF6801002470B50F4E0C4631688A
:10192000054611B900F076F930602146284600F0EE
:1019300071F9431C03D14FF0FF34204670BDC41C25
:1019400024F00304A042F8D0211A284600F062F9DE
:101950000130F2D1EFE700BFB05100242DE9F84388
:10196000CD1C25F0030508350C2D38BF0C25002DA6
:10197000064601DBA94204D90C2333600020BDE8F0
:10198000F883DFF8D48000F069F8D8F800301C46FE
:1019900044BB29463046FFF7BFFF431C044658D1DD
:1019A000D8F800402746002F43D1002C4BD02368A5
:1019B0003946304604EB030900F02CF9814542D149
:1019C00021686D1A29463046FFF7A6FF01303AD04C
:1019D00023682B442360D8F800305A6862BBC8F8EB
:1019E00000700FE02268521B20D40B2A17D961190E
:1019F000A342256018BF5960636808BFC8F800108B
:101A000062514B60304600F02FF804F10B00231DAB
:101A100020F00700C21A1CBF1B1AA350AFE7626870
:101A2000A3420CBFC8F800205A60EBE72346646865
:101A3000AEE73C467F68B6E71A465B68A342FBD137
:101A400000235360DEE70C233360304600F00CF8CF
:101A500094E70560D6E700BFB4510024014800F0C8
:101A600013B900BFF4520024014800F00EB900BFC2
:101A7000F45200240EB470B59DB021AC00254FF493
:101A8000017254F8046BADF814201B950290069077
:101A9000EEF748FC0B4B039007900B480B934FF667
:101AA000FF73ADF816303246234602A900680F9541
:101AB0001495019400F0F4FA1DB0BDE8704003B035
:101AC000704700BFCD1A010868010024002070474C
:101AD00030B51446002C9BB005461A4605DA8B2318
:101AE00003604FF0FF301BB030BD4FF40273ADF810
:101AF0000C304FF00003199314BF04F1FF33234659
:101B0000029305934FF6FF7300910491ADF80E30E8
:101B100069461E9B00F06EF9431CBCBF8B232B60F3
:101B2000002CE0D0009B00221A70DCE707B5009380
:101B300013460A46014603480068FFF7C9FF03B091
:101B40005DF804FB6801002402440346934200D17F
:101B5000704703F8011BF9E72D4B1B68834270B5F2
:101B6000044653D0C3691BB3DB6863B10025E36946
:101B7000DB685959B1B90435802DF8D1E3692046A5
:101B8000D96800F091F8E369196811B1204600F0B6
:101B90008BF8E3699D685DB1294620462D6800F009
:101BA00083F8F8E70E68204600F07EF83146E1E75A
:101BB000616911B1204600F077F8E16911B1204662
:101BC00000F072F8216B11B1204600F06DF8616BE6
:101BD00011B1204600F068F8A16B11B1204600F069
:101BE00063F8A16C11B1204600F05EF8616C11B190
:101BF000204600F059F8E16A11B1204600F054F88F
:101C0000236A1BB12046BDE87040184770BD00BF75
:101C10006801002438B5064D0023044608462B60B1
:101C2000F3F7BAFC431C02D12B6803B1236038BD23
:101C3000F0520024014B1868704700BF680100246F
:101C400070B50D4D0D4C641BA4100026A64209D1A1
:101C50000B4D0C4C02F0F4FC641BA4100026A642B1
:101C600005D170BD55F8043B98470136EEE755F8AD
:101C7000043B98470136F2E7586B0108586B01089E
:101C8000586B01085C6B0108704770470A44914229
:101C900000F1FF3300D1704710B511F8014B03F884
:101CA000014F9142F9D110BD38B50546002941D008
:101CB00051F8043C0C1F002BB8BFE418FFF7CEFE10
:101CC0001D4A136833B9636014602846BDE8384084
:101CD000FFF7CABEA34208D9206821188B4201BF72
:101CE00019685B6809182160EDE71A465B680BB15B
:101CF000A342FAD911685018A0420BD120680144C0
:101D0000501883421160E0D118685B685360084442
:101D10001060DAE702D90C232B60D6E7206821187F
:101D20008B4204BF19685B68636004BF09182160B7
:101D30005460CAE738BD00BFB45100242DE9F04714
:101D40008E681F46BE420B6882460C4690462DD8D0
:101D5000B1F90C2012F4906F26D06569096905EB82
:101D60004505A3EB010905EBD5757B1C4B446D10B4
:101D70009D4238BF1D46530527D52946FFF7EEFD86
:101D8000064660B321694A46FFF780FFA38923F422
:101D9000906343F08003A381266165614E44A5EB07
:101DA00009052660A5603E46BE4200D93E46206831
:101DB0003246414600F037FEA3689B1BA3602368B0
:101DC000334423600020BDE8F0872A4600F045FE3A
:101DD00006460028E0D121695046FFF765FF0C2335
:101DE000CAF80030A38943F04003A3814FF0FF30CD
:101DF000E9E700002DE9F04F98468B891B069DB05E
:101E000007460D46144610D50B6973B94021FFF7FC
:101E1000A5FD2860286130B90C233B604FF0FF30EE
:101E20001DB0BDE8F08F40236B6100230993202390
:101E30008DF82930CDF80C803023DFF89C818DF8A7
:101E40002A304FF0010923469A4613F8012B0AB1B4
:101E5000252AF9D1BAEB040B0BD05B462246294662
:101E60003846FFF76BFF013000F0A780099A5A440B
:101E700009929AF80030002B00F09F8000234FF069
:101E8000FF32CDE905230AF1010A049307938DF887
:101E900053301A935446052214F8011B4E48EEF7AE
:101EA0004FFA049AD8B9D00644BF20238DF8533096
:101EB000110744BF2B238DF853309AF800302A2B9A
:101EC00015D0079A544600204FF00A0C214611F80D
:101ED000013B303B092B4BD9B0B1079214E0A0EB8A
:101EE000080309FA03F313430493A246D2E7039BC2
:101EF000191D1B680391002BBBBF5B4242F002021D
:101F000007930793B8BF049223782E2B0AD16378E6
:101F10002A2B32D1039B1A1D1B68039243EAE373F9
:101F200002340593DFF8C0A0217803225046EEF773
:101F300007FA38B1049BA0EB0A0040228240134309
:101F40000134049314F8011B24488DF8281006224C
:101F5000EEF7F6F9002836D0214B1BBB039B073365
:101F600023F0070308330393099B334409936AE77B
:101F70000CFB02320C460120A8E700230134059334
:101F800019464FF00A0C204610F8012B303A092A66
:101F900003D9002BC6D00591C4E70CFB01210446F0
:101FA0000123F0E703AB00932A460E4B04A9384601
:101FB000AFF30080421C0646D6D1AB895B063FF5E5
:101FC0002DAF09982CE703AB00932A46054B04A9D3
:101FD000384600F049FAEDE7F04E0108FA4E0108E4
:101FE000000000003D1D0108F64E010838B54B1CED
:101FF000144603D14FF0FF35284638BD938923F0AE
:1020000020039381636B5268CDB28BB1A36B934273
:1020100008DD23685A1E226003F8015C63680133FF
:102020006360E9E7214600F0C4FC0028F1D0E1E755
:102030002169236851B1994208D213F8011CA942C1
:1020400004D1013B013223606260D5E7C4E90F325D
:1020500004F1440363630323A363234603F8465F49
:1020600023600123DCE710B50C46496B69B104F12C
:102070004403994201D0FFF717FE236C63600020F0
:10208000606313B1E36B236010BD236923600023F9
:102090006360A38943F02003A3814FF0FF30F3E78F
:1020A0002DE9F04F0C46ADF5237D0021CDE944111B
:1020B000A649A0910DF10408A549A64FCDF81881B5
:1020C0000646A191009392F80090B9F1000F00F03C
:1020D000588117F8093013F0080302F1010519D0EF
:1020E0006368002B0FDD23681A78BA5C120701D4ED
:1020F0002A46E8E7459A0132459262680133013A7F
:1021000062602360ECE7A19B214630469847002897
:10211000E9D0EDE7B9F1250F40F085804193439375
:1021200053782A2B02BF1023951C41930A22AA46FA
:102130001AF8011BA1F13003092B1ED9DFF818B2E0
:1021400003225846EEF7FCF838B1419AA0EB0B0099
:102150000123834013434193554615F8013B782BE7
:1021600006D8572B10D8252B5DD057D8002B75D00B
:10217000032347930A23429388E0439B02FB031106
:10218000303943915546D2E7A3F15802202AEFD8BF
:1021900001A151F822F000BF6B2201087121010852
:1021A00071210108C522010871210108712101086E
:1021B00071210108712101087121010871210108B3
:1021C00071210108DB220108C12201082322010834
:1021D0002322010823220108712101087D22010820
:1021E0007121010871210108712101087121010883
:1021F000EB220108852201086322010871210108F0
:1022000071210108E722010871210108C12201089A
:1022100071210108712101086B220108453B022B45
:10222000A6D8052331E06368002B0DDD23681A78FA
:102230004A4540F0A680013362682360459B013A1D
:1022400001336260459353E7A19B2146304698478E
:102250000028EBD04498002840F08B804FF0FF30EE
:102260008BE0419A42F020024192419A42F400727E
:10227000419210226E2B429202D905E00023429334
:10228000032302E008234293042347936368002B4F
:1022900039DD419B590604D423681A78BA5C1207C9
:1022A00038D4479B022B47DC6B46224641A9304677
:1022B00000F0F8F9012864D002287FF419AFC9E7CB
:1022C0000A22D7E72946404600F03AFB419B43F0FB
:1022D0004003419305460123D7E7419B43F0400368
:1022E00041930023D1E70223CFE74198C3063FF58E
:1022F000FFAE009B459A191D00911B68C0074CBF9B
:102300001A801A60F4E6A19B2146304698470028BF
:10231000BFD09FE7459A013245926268013A002A90
:10232000626002DD01332360B6E7A19B214630469F
:1023300098470028B0D08DE7042B0FDC6B4622466F
:1023400041A9304600F008FAB4E700BFED1F0108CC
:10235000672001083F4F0108F64E01080A4B002B89
:102360003FF4C6AE6B46224641A93046AFF300802B
:10237000A0E7A3895B063FF571AF0DF5237DBDE8AE
:10238000F08F4498F9E700BF000000002DE9F04706
:10239000164698468A680B69DDF820909342B8BFCC
:1023A0001346336091F8432007460C460AB10133C7
:1023B00033602368990642BF33680233336025686F
:1023C00015F0060506D104F1190AE36832689B1A74
:1023D000AB4226DC94F843302268003B18BF01234F
:1023E00092062BD404F1430241463846C8470130D7
:1023F0001ED02368226903F00603042B02BFE568A0
:102400003368ED1AA3680CBF25EAE57500259342F1
:10241000C4BF9B1AED1800261A34B5421AD1002009
:1024200008E00123524641463846C847013003D1EF
:102430004FF0FF30BDE8F0870135C6E7E1185A1CC0
:10244000302081F84300224494F8451082F843106C
:102450000233C7E70123224641463846C8470130C8
:10246000E6D00136D9E700002DE9FF470F7E0C9E2C
:10247000782F914680460C469A4601F1430207D8D0
:10248000622F0AD8002F00F0D180582F00F0B880BA
:1024900004F1420684F842703AE0A7F16303152B79
:1024A000F6D801A151F823F00125010815250108EE
:1024B0009124010891240108912401089124010824
:1024C000152501089124010891240108912401088F
:1024D00091240108132601083F250108CD25010894
:1024E000912401089124010835260108912401084E
:1024F0003F2501089124010891240108D5250108F0
:1025000033681A1D1B68326004F1420684F84230B9
:1025100001239CE033682068191D3160060601D54F
:102520001D6803E04506FBD5B3F90050002D03DA22
:102530002D236D4284F8433058480A2311E0216866
:102540003368080653F8045B02D4490648BFADB2AD
:102550006F2F5248336014BF0A230823002184F8E8
:1025600043106668A660002E05DB21682E4321F02B
:10257000040121604BD01646B5FBF3F103FB115764
:10258000C75D06F8017D2F46BB420D46F4D9082BE6
:102590000BD12368DF0708D5236961689942DEBF44
:1025A000302306F8013C06F1FF36921B2261CDF87C
:1025B00000A04B4603AA21464046FFF7E7FE013044
:1025C0004AD14FF0FF3004B0BDE8F087236843F0F4
:1025D000200323603248782784F8457023683168E7
:1025E0001F0651F8045B02D45F0648BFADB23160EC
:1025F000D90744BF43F0200323601DB11023ADE78A
:102600002648E9E7236823F020032360F6E716460F
:10261000BDE7336825686169181D30602E061B68A8
:1026200001D5196002E06806FBD5198000232361FB
:102630001646BCE733681A1D32601E6862680021C6
:102640003046EDF77DFE08B1801B60606368236152
:10265000002384F84330AAE72369324649464046BE
:10266000D0470130ADD023689B0713D4E068039BAB
:102670009842B8BF1846A6E701233246494640466D
:10268000D04701309DD00135E36803995B1AAB4216
:10269000F2DCEBE7002504F11906F5E7014F01082C
:1026A000124F01082DE9F84315468A6880460C460A
:1026B00032B98A69002A14BF4FF0FF3201228A60C2
:1026C0002268DFF89090D1065FBF1A68111D19606B
:1026D00016680027A06988B1012807D12B681A78ED
:1026E00063699B5C53B9002F31D022E0022820D1CE
:1026F0002B681B7819F803301B071AD42368DA06F5
:102700005EBF2B681B7806F8013B2A686B680132B4
:102710002A60A268013B013A6B600137A26042B1B6
:10272000002BD7DCD4F88031294640469847002852
:10273000D0D0236813F0100305D1E2680132E260C3
:10274000A26902B1337023693B4423610020BDE8D4
:10275000F88300BF3F4F01082DE9F04F9846744BB6
:102760000C468246164693E8070087B003AB83E821
:102770000700704BA169704A032908BF1A46A36875
:1027800001925A1EB2F5AE7F88BF6FF4AE75274630
:1027900082BF03EB050940F25D13A36057F81C3BB1
:1027A00043F4506398BF4FF0000923603D464FF05B
:1027B000000B316803AB097853F82B000222EDF7C8
:1027C000BFFD28B3BBF1010F59D162682AB9226855
:1027D000082142F4007261602260226822F4A06243
:1027E0002260A268511EA16092B13268511C316012
:1027F000127805F8012B7268013A002A726007DC32
:10280000D4F88021314650469047002840F085801A
:102810000BF1010BBBF1030FCBD163680BB90A239A
:102820006360636845496069C91A00F089F84FF030
:10283000000BA3682268002B3DD03168606991F8D5
:1028400000C010F80C00002835D0BCF1300F24D1A6
:10285000100522D50BF1010BB9F1000F03D00133A4
:1028600009F1FF39A3607368013B002B73601BDD26
:10287000336801333360A368013BA360D9E7BBF140
:10288000020FAED1226802F4C061B1F5007FC4D15D
:102890001021616042F48072A2E722F4106222608B
:1028A0000B7805F8013BDEE7D4F88031314650461D
:1028B00098470028DFD02368D9050DD5BD4209D936
:1028C00015F8011CD4F87C3132465046984705F182
:1028D000FF394D46BD4228D0226812F0100213D1B4
:1028E0002A706368019E39465046B047D8F80030D8
:1028F00021681A1DC8F8002011F0200F1B680FD0A6
:102900001860E3680133E3602369ED1B5D442B44E9
:102910002361002007B0BDE8F08F4FF0000BCAE73D
:10292000CA074CBF18801860EBE70120F2E700BF30
:10293000B84D0108AD2B01088D2C0108334F01085B
:1029400070B50B7804465E2B0BBF4B784A1C8A1C73
:10295000002108BF0121013804F1FF0500F8011F23
:10296000A842FBD10BB9501E70BD81F00101E154AA
:102970001046024612F8015B2D2D05D05D2D16D0B4
:10298000002DF1D02B46F2E746785D2EFAD0B34207
:10299000F8DC02301A4601329642A154FBDCF21AEE
:1029A000013A5D1CB342A8BF0022AB18E1E7104614
:1029B000DAE72DE9F0410C46496B04F144039942F2
:1029C0001DD14FF48061FEF7C9FF18B94FF0FF30F9
:1029D000BDE8F0814FF48063A36394F846306063F0
:1029E00080F8FF3394F8453080F8FE3394F8443093
:1029F00080F8FD3300F2FD3020600020E8E7A66B90
:102A000077003A4600F029F805460028DED000EBB2
:102A10000608014632464046FFF738F9C4E90D572B
:102A2000C4F80080E9E7884210B501EB020402D93E
:102A30008442234607D8431EA14208D011F8012B37
:102A400003F8012FF8E7024401468A4200D110BD85
:102A500013F8014D02F8014DF7E72DE9F041074663
:102A600014460D4621B9BDE8F0411146FEF776BF88
:102A70002AB9FFF719F925462846BDE8F08100F08C
:102A800007F98442064602D8B4EB500FF4D8214629
:102A90003846FEF763FF804608B94546ECE7B44286
:102AA0002246294628BF3246FFF7F0F82946384625
:102AB000FFF7FAF8F1E70000242B2DE9F0478646EE
:102AC000904601D8012B06D1FFF7B4F81623036016
:102AD0000020BDE8F08734480D462A4615F8014B22
:102AE000065D16F00806F8D12D2C10D12C780126A1
:102AF000951C33F0100215D1302C0DD12A7802F03C
:102B0000DF02582A08D16C78023510230AE02B2CFA
:102B100004BF2C78951CECE7002BF6D1302C14BFA9
:102B20000A23082306F1004C0CF1FF3C0022BCFBF9
:102B3000F3F9104603FB19CAA4F13007092F0FD887
:102B40003C46A3421BDD571C07D0814514D301D15D
:102B5000A24511DB00FB0340012215F8014BEBE716
:102B6000A4F14107192F01D8373CEAE7A4F1610726
:102B7000192F04D8573CE4E74FF0FF32EDE7531C20
:102B800008D12223CEF800306046B8F1000FA0D063
:102B9000691E06E006B14042B8F1000F99D0002A44
:102BA000F6D1C8F8001094E73F4F0108FFF784BF43
:102BB0002DE9F043344E86460D46284615F8014B64
:102BC000375D17F00807F8D12D2C10D12C7801278C
:102BD000851C33F0100015D1302C0DD1287800F071
:102BE000DF00582808D16C78023510230AE02B2C1E
:102BF00004BF2C78851CECE7002BF6D1302C14BFD9
:102C00000A2308234FF0FF380026B8FBF3F803FB34
:102C100008F96FEA09093046A4F1300CBCF1090F3C
:102C200010D86446A3421EDDB6F1FF3F07D08045B1
:102C300016D301D1A14513DB00FB0340012615F893
:102C4000014BE9E7A4F1410CBCF1190F01D8373C65
:102C5000E8E7A4F1610CBCF1190F04D8573CE1E797
:102C60004FF0FF36EBE7731C06D12223CEF800307D
:102C7000304632B9BDE8F08307B14042002AF9D0AE
:102C800006B1691E1160F5E73F4F0108FFF790BFDD
:102C900051F8043C181F002BBCBF0B58C0187047DC
:102CA00000F0E2BD0000000008B52DED048BB0EE91
:102CB000409BB0EE418B00F099FEB4EE489BF1EEE4
:102CC00010FA0CD69FED089BB4EE498BF1EE10FA8A
:102CD00005D1FEF7AFFF89EE090B21230360BDECA0
:102CE000048B08BDAFF3008000000000000000006E
:102CF00008B52DED048BB0EE408B00F039FCB4EE3E
:102D0000488BF1EE10FA0CD69FED079BB4EEC98B01
:102D1000F1EE10FA05D5FEF78DFF89EE090B2123A0
:102D20000360BDEC048B08BD000000000000000043
:102D300038B5B0EE407B17EE905A734B25F0004447
:102D40009C4213D9714B9C4203D807D110EE103A24
:102D500023B137EE077BB0EE470B38BD9FED4E7BBE
:102D60009FED4F6B002D36FE077BF4E7684B9C42CE
:102D700011D8A3F1DE739C420AD8B7EE005B9FED39
:102D80004A6B30EE066BB4EEC56BF1EE10FAE2DC86
:102D90004FF0FF3313E000F013F95E4B9C424FD825
:102DA000A3F550239C4241D8B0EE007BBFEE005B00
:102DB0000023A0EE075B30EE070B85EE007B9FED56
:102DC0003C6B27EE074B24EE045B9FED3B3BA5EEEF
:102DD000063B9FED3B6BA3EE056B9FED3B3BA6EEE9
:102DE000053B9FED3B6BA3EE056B9FED3B3B9FEDE2
:102DF0003C2BA6EE053B9FED3C6BA5EE062B9FED15
:102E00003C6BA2EE056B9FED3C2BA6EE052B9FEDD8
:102E10003C6B5A1CA2EE056B26EE056BA3EE046B11
:102E200027EE066B21D137EE467B94E7B7EE007BA9
:102E3000012330EE475B30EE070B85EE007BBEE7EB
:102E4000354B9C420BD2B7EE087BB7EE006B30EEF1
:102E5000475BA0EE076B022385EE067BAFE7BFEE74
:102E6000006B032386EE007BA9E72C4A2C4902EB7A
:102E7000C30201EBC30393ED005B36EE456B36EE08
:102E8000476B92ED007B002D37EE467BB8BFB1EE6D
:102E9000477B60E7AFF30080182D4454FB21F9BF56
:102EA000182D4454FB21F93F9C7500883CE4377E83
:102EB00011DA22E33AAD903FEB0D76244B7BA93F2C
:102EC000513DD0A0660DB13F6E204CC5CD45B73FFA
:102ED000FF8300922449C23F0D5555555555D53FA6
:102EE0009AFDDE522DDEADBF2F6C6A2C44B4A2BF1A
:102EF0006D9A74AFF2B0B3BF711623FEC671BCBF3A
:102F0000C4EB98999999C9BFFFFF0F440000F07F67
:102F1000FFFFDB3FFFFFF23F0080034060500108EE
:102F200040500108000000001FB5B0EE407B17EED6
:102F3000903A214A23F00043934206D89FED1C1B90
:102F400005B05DF804EB00F0CFBB1C4A934204D9F6
:102F500030EE400B05B05DF804FB684600F050FE13
:102F600000F00300012809D0022810D0B0B99DED6F
:102F7000021B9DED000B00F0B7FBEBE79DED021B84
:102F80009DED000B00F018FCB1EE400BE2E79DED6B
:102F9000021B9DED000B00F0A7FBF5E79DED021B6A
:102FA0009DED000B012000F007FCD3E7AFF300809C
:102FB0000000000000000000FB21E93FFFFFEF7F61
:102FC00051EC100B024621F0004343EC102B7047EC
:102FD0001FB5B0EE407B17EE903A214A23F0004334
:102FE000934207D89FED1C1B002005B05DF804EB51
:102FF00000F0E2BB1B4A934204D930EE400B05B00F
:103000005DF804FB684600F0FBFD00F003000128BA
:103010000AD002280FD0C0B99DED021B9DED000B18
:10302000012000F0C9FBEAE79DED021B9DED000BBE
:1030300000F05AFBE3E79DED021B9DED000B012024
:1030400000F0BAFBB1EE400BD9E79DED021B9DED00
:10305000000B00F049FBF5E7000000000000000055
:10306000FB21E93FFFFFEF7FC1F30A5240F2FE333D
:103070009A4270B52ADD40F233439A4224DC9B1A0F
:10308000A3F120064FF0FF3202FA03F402FA06F62B
:10309000C3F1200522FA05F534432C439A4020EA77
:1030A000020221EA04042243A3F12004C3F1200216
:1030B0000CD1D84001FA02F31843E140084300F074
:1030C0000100D0F1020070BD0220FCE70020FAE709
:1030D0002DE9F04F10EE904A2DED0A8B4FEA14586F
:1030E00011EE90AA08F1FF3240F2FD739A4210EE01
:1030F000105A11EE100A87B0C4464FEA1A5606D885
:10310000C6F30A03A3F2BE337F2B40F257810218A5
:103110004AEB0A016FF0010B571E41F1FF336FF4C8
:10312000001EBB457EEB030342D252EA01034FF07F
:1031300000030CD16D1984F400246441AB42A3F563
:103140008013A341C0F08F80B7EE000B2BE0D44E6C
:10315000B44208BF9D4209D100188AF4002A4AEB04
:103160000A0A8342CF4B73EB0A03EBE76D19CE4893
:103170006441AB4270EB040675D3814208BF9A42AA
:1031800071D1CA4A944208BF9D42DDD094426FEA91
:103190000A0A34BF002401244FEADA7A544540F089
:1031A000DC8121EE010B07B0BDEC0A8BBDE8F08F8E
:1031B0006F1944EB04097A1E69F1000393457EEB15
:1031C000030325D220EE000B002C13DA5146FFF743
:1031D0004BFF01280ED1B1EE400B57EA09090BD184
:1031E000BAF1000FDFDA07B0BDEC0A8BBDE8F04F93
:1031F00000F07ABE0020F0E7BAF1000FD3DAB7EEA4
:10320000006B86EE007B8DED007B9DED000BCAE729
:10321000002C2BDA5146FFF727FF30B907B0BDEC81
:103220000A8BBDE8F04F00F077BE411E484248418E
:10323000800424F00044C8F30A0CC6F30A02A2F288
:10324000BE337F2B2DD9964B00209C4208BF854270
:103250003FF47AAF40F2BD318A420CD8B7EE000B92
:10326000A842A34104D231EE000B9CE70020E4E722
:1032700030EE410B97E7012D74EB030340F2FF7230
:1032800034BF0123002396428CBF00260126B3429F
:1032900000F09C8007B0BDEC0A8BBDE8F04F00F059
:1032A0001BBEBCF1000F0AD19FED797B20EE077B9E
:1032B00053EC172B23F000441546A4F150747C4ABC
:1032C000BFEE006B2244131503EE103A794BC2F3A4
:1032D00046316FF3130203EB4116A71A03EB4112B9
:1032E00092ED125B96ED187B2E1E47EC146B92ED5F
:1032F000162BA4EE056B93ED005BB8EEC33BA3EE7B
:10330000052B93ED025B36EE024B32EE442BA3EE1F
:10331000057B93ED045B32EE062B37EE027B26EE47
:10332000055B26EE050B34EE008BB0EE409B34EED1
:10333000484B96EE059B34EE00AB93ED065B26EE14
:1033400000BB37EE097B93ED084B37EE0A7B93ED1C
:103350000C3BA6EE045B93ED0A4B93ED10CBA6EE6F
:10336000034B93ED0E3BA6EE0C3BA0EE034BA0EE01
:10337000045BABEE057B38EE074B21EE046B16EEDB
:10338000903AB0EE465BC3F30A566FF47272B2180D
:103390003E2A91EE045B38EE448B38EE078BA1EEAB
:1033A000085B1BD9002A0BDAB7EE000B36EE000BD8
:1033B00000283FF4F8AEB1EE400BF4E600207EE7C3
:1033C000B6F5816F09D9002BBFF664AF07B0BDEC2D
:1033D0000A8BBDE8F04F00F077BD0026364991ED2D
:1033E000024B91ED003BB0EE447BA6EE037B17EE63
:1033F000105A37EE447B91ED044B05F07F03A7EEA6
:10340000046B91ED064BDC1804F10F0301EBC404CF
:10341000A7EE046B91ED0A3B35EE065B25EE056BDE
:1034200094ED1C7B91ED084B35EE077B01EBC3025D
:10343000A5EE034B91ED0E3BA6EE047B26EE066B4C
:1034400091ED0C4B51F833C0D2F804E0A5EE034BDC
:103450004019002717EB0C020EEB4033A6EE047B5D
:10346000002E75D1BD4229DB03F1404101F5700109
:10347000104641EC100BA7EE000B9FED077B20EEF2
:10348000070B07B0BDEC0A8BBDE8F04F00F05CBD48
:103490000000000000003043000000000000007F3A
:1034A0000000F03F0000F0FF0000E0FF0000E07FC0
:1034B000AB6A19C0805001089062010803F17F5186
:1034C00001F50011104641EC150BB7EE003B27EE5D
:1034D000056B35EE067BB0EEC74BB4EEC34BF1EE99
:1034E00010FA9FED1F0B2AD5B5EEC07B35EE475B7A
:1034F000F1EE10FA35EE065BBFEE004B58BFB0EEB2
:10350000434B37EE043B34EE436B36EE076B36EE3F
:10351000056B36EE036B36EE447BB5EE407BF1EE89
:1035200010FA04D1324601F0004343EC172B8DED25
:10353000020B9DED026B26EE006B8DED046B27EE0A
:10354000000B07B0BDEC0A8BBDE8F04F00F0F3BCF8
:1035500043EC102BA7EE000B25E69FED030B22E6B4
:10356000000000000000100000000000000000004B
:10357000B1EEC00B7047000010EE901AC1F30A5272
:1035800010EE100AA2F2FF33132B30B505462EDCE5
:10359000002B12DA9FED2E7B30EE070BB5EEC00B41
:1035A000F1EE10FA04DD00294BDB08434DD1014652
:1035B0000B46024643EC102B20E0274A1A4101EA51
:1035C000020404431AD09FED227B30EE070BB5EEC8
:1035D000C00BF1EE10FAEBDD0029C2BF4FF48010F2
:1035E00040FA03F3C91821EA02010020E0E7332B77
:1035F00005DDB3F5806F01D130EE000B30BDA2F2D6
:1036000013444FF0FF32E2401042F7D09FED107BA1
:1036100030EE070BB5EEC00BF1EE10FAC8DD002955
:1036200002DD142B03D1013120EA0200C0E701249E
:10363000C3F1340304FA03F31844854288BF09191F
:10364000F2E700204FF00041B2E704490020AFE765
:103650009C7500883CE4377EFFFF0F000000F03FC0
:1036600010EE903AC3F30A51A1F2FF32132A10B5BB
:1036700010EE104A1DDC002A0DDA03F0004301327F
:1036800004BF43F07F5343F4401300221946104611
:1036900041EC100B14E01348104100EA03012143F0
:1036A0000ED04FF4002141FA02F2134423EA000342
:1036B000EBE7332A05DDB2F5806F01D130EE000B68
:1036C00010BDA1F213414FF0FF30C8402042F7D0A7
:1036D000C2F1330101228A40121928BF013322EAC4
:1036E0000002D3E7FFFF0F00B0EE405B15EE901A2B
:1036F000B7EE000B21F00041B1F1795F04D2FDEE8D
:10370000C57B17EE903A43B325EE056B21EE451BC2
:103710009FED1B7B9FED1C4BA6EE074B9FED1C7B8B
:10372000A4EE067B9FED1C4BA7EE064B9FED1C7B8A
:103730001F4BA4EE067B9FED1C4B9942A7EE064B58
:10374000B6EE007B24EE064B26EE077BA6EE041BAE
:1037500004D837EE417B30EE470B7047154B99424A
:1037600009D80022A1F5001343EC162B30EE460BCE
:1037700037EE467BEDE7B5EE026BF7E7AFF300807F
:10378000D43888BEE9FAA8BDC4B1B4BD9EEE213ECE
:10379000AD529C804F7E92BE9015CB19A001FA3E8F
:1037A0007751C1166CC156BF4C5555555555A53F5F
:1037B0003233D33F0000E93F10EE903A23F000434C
:1037C000B3F1795F04D2FDEEC07B17EE903A5BB3A4
:1037D00020EE006B20EE065B9FED157B9FED164BF8
:1037E000A6EE074B9FED167BA4EE067B9FED164BD6
:1037F000A7EE064B9FED167BA4EE067B30B99FED3E
:10380000164BA6EE074BA4EE050B704727EE457B43
:10381000B6EE004BA1EE047B97EE061B9FED107BEE
:10382000A5EE071B30EE410B704700BFAFF30080E1
:103830007CD5CF5A3AD9E53DEB9C2B8AE6E55ABEBA
:103840007DFEB157E31DC73ED561C119A0012ABF56
:10385000A6F810111111813F495555555555C5BF51
:10386000495555555555C53F11EE101AB0EE407BE0
:10387000F8B511EE905A4B42594F25F000420B43D8
:1038800042EAD373BB420DD810EE10CA17EE906A0D
:10389000CCF1000026F0004340EA0C0043EAD0706F
:1038A000B84204D937EE017BB0EE470BF8BD05F105
:1038B000404000F58010084303D1BDE8F840FFF711
:1038C00037BAAC1704F0020453EA0C0C44EAD6747D
:1038D00007D1022C5CD09FED346B032C06FE007BDD
:1038E000E2E7114307D19FED327B9FED336B002E52
:1038F00026FE077BD8E7BA420FD1934204F1FF348A
:1039000007D1022C47D8374B03EBC40393ED007B60
:10391000CAE7022C42D8344BF6E7BB42E3D09B1AED
:10392000B3F1747F4FEA23521ADA002D01DA3C32E8
:1039300019DB87EE010BFFF743FBFFF7F9F9B0EE58
:10394000407B012C12D0022C19D0002CACD09FED62
:103950001C6B37EE467B9FED1C6B37EE467BA3E777
:103960009FED157BEDE79FED1A7BEAE717EE901AC6
:1039700053EC172B01F1004343EC172B94E79FED19
:10398000106B37EE467B9FED106B36EE477B8BE777
:103990009FED0D7B88E79FED107B85E79FED0C7B0E
:1039A00082E700BFAFF30080182D4454FB2109C00B
:1039B000182D4454FB21F9BF182D4454FB21F93F25
:1039C000075C143326A6A13C182D4454FB21094062
:1039D0000000000000000000182D4454FB21E93FC6
:1039E0000000F07FE0600108C86001082DE9F7439E
:1039F0008DED001BDDE9000626F0004550EA0503C9
:103A000086460DD010EE90CA774B2CF000489845B2
:103A100006D84342754A034345EAD373934208D913
:103A20009DED007B20EE077B87EE070B03B0BDE822
:103A3000F08310EE109AA8454F460CF0004409DCC4
:103A4000F4DB4845F2D805D1694B03EB147393EDD1
:103A5000000BEBE765491CEA010F4AD1B8F1000FF2
:103A60003FD1644A4B46002B38DC0E4250D1002D2A
:103A700047D1604B0146002940DC5F498A424BDB5D
:103A8000CCF3130141F48011DFF86CC1634558DBBE
:103A9000C6F3130646F48016D01A8A1BA7EB0E0550
:103AA000002864D1774538BF02F1FF32002ABCBF3D
:103AB0003D460A4652EA0501C6D0B2F5801F6BDBCF
:103AC0004D498B426EDBA2F58012224303F2FF3395
:103AD00042EA0351284641EC100BA7E7013A5B008C
:103AE000C1E7454A4FEAC823002BBEDD013A5B001F
:103AF000FAE74FEA2852A2F2FF32B6E7013B49004B
:103B0000B9E73D4BE9020029B7DD013B4900FAE77F
:103B10002B15A3F2FF33B0E7A1EB020CBCF11F0F92
:103B200009DC02F21E4108FA0CF729FA01F13943C7
:103B300009FA0CF7A8E73149891A09FA01F10027B7
:103B4000A2E7ACEB030CBCF11F0F09DC03F21E462D
:103B500005FA0CF520FA06F62E4300FA0CFE9BE758
:103B6000264EF61A00FA06F64FF0000E94E7774557
:103B700038BF02F1FF32002A05DAFA0F02EB4101E9
:103B80007F00013889E752EA05013FF45DAFE90F94
:103B900001EB42016F00F4E7E90F01EB42026D0017
:103BA000013B8AE7C91A14290ADC03F21E4302FA10
:103BB00003F3CD402B430A4142EA040118468AE749
:103BC0001F2907DC03F21E43CD4002FA03F32B4307
:103BD0002246F1E7C3F17F4303F57F0303F57B43FF
:103BE000E23342FA03F3F3E7FFFFEF7F0000F07FD9
:103BF000F8600108EDFBFFFF02FCFFFFE2FBFFFFA7
:103C000070B5B0EE407B17EE905A994B25F0004608
:103C10009E4288B0044607D80022002384ED000BA2
:103C2000C0E9022300201BE0924B9E423BD8A3F543
:103C30001B23002D9FED7E6BA3F5F06319DD30EEA5
:103C4000467B9E420ED09FED7C5B37EE456B37EE98
:103C5000467B84ED006B37EE457B84ED027B0120D3
:103C600008B070BD9FED766B9FED775B37EE467BBE
:103C7000EBE79E4230EE067B0ED09FED6F5B37EE9A
:103C8000056B37EE467B84ED006B37EE057B4FF01E
:103C9000FF3084ED027BE3E79FED696B9FED6A5B8C
:103CA00037EE067BEBE7744B9E4270D8FFF788F93E
:103CB000B6EE007B9FED666BA0EE067BFDEEC77B4C
:103CC000B8EEE75B17EE900AB1EE454B9FED587BDF
:103CD000A5EE470B9FED587B1F2825EE077B30EEA6
:103CE000476B05DC654B421E53F82230B34209D1C5
:103CF00016EE903AC3F30A53C3EB1653102B4FEA58
:103D0000265202DC84ED006B1AE09FED4D3BB0EED5
:103D1000406BA4EE036B30EE467BA4EE037B9FED7D
:103D20004A3B95EE037B36EE473B13EE903AC3F3E6
:103D30000A53D31A312B17DCB0EE460B84ED003B4F
:103D400094ED006B002D30EE460B30EE470B84ED0A
:103D5000020B85DAB1EE466BB1EE400B84ED006BE1
:103D600084ED020B40427BE79FED3B7BB0EE460BC0
:103D7000A4EE070B36EE406BA4EE076B9FED384BBD
:103D8000B0EE467B95EE047B30EE476BBAE73C4BDA
:103D90009E4206D930EE407B80ED027B80ED007BB9
:103DA00040E710EE103A3215A2F216421846A6EB82
:103DB000025141EC170BBDEEC76B9FED2B5BB8EECC
:103DC000C66B37EE467B8DED026B27EE057BBDEEB5
:103DD000C76B08A8B8EEC66B37EE467B8DED046B5B
:103DE00027EE057B8DED067B032130ED027BB5EEE2
:103DF000407BF1EE10FA0B4601F1FF31F5D021497D
:103E000001910221009102A8214600F0B1F8002D95
:103E1000BFF626AF94ED007BB1EE477B84ED007BCF
:103E200094ED027BB1EE477B84ED027B9AE700BF05
:103E300000004054FB21F93F3163621A61B4D03D68
:103E40000000601A61B4D03D7370032E8A19A33B41
:103E500083C8C96D305FE43F0000002E8A19A33B80
:103E6000C14920259A837B39000000000000704181
:103E7000FB21E93F7BD90240FB2139410861010860
:103E8000FFFFEF7F8861010810B52DED028BB0EECA
:103E9000408B0446FDF7CEFEB0EE480BBDEC028B26
:103EA000046010BD82B058B1B1EE407B8DED007B57
:103EB0009DED007B222020EE070B02B0FFF7E4BF50
:103EC000B0EE407BF2E700009FED010BFFF7EABF89
:103ED00000000000000000109FED010BFFF7E2BFA3
:103EE000000000000000007082B00028BFEE006BF0
:103EF000B7EE007B07FE067B8DED007B9DED000B92
:103F00009FED037B222080EE070B02B0FFF7BCBFC2
:103F10000000000000000000B0EE407BB4EE477BE4
:103F2000F1EE10FA30EE406B86EE060B02D6212041
:103F3000FFF7AABF7047B5EE400BF1EE10FA02D1C1
:103F40002220FFF7A1BF70479FED076BB0EEC07B4B
:103F5000B4EE467BF1EE10FA02DD2220FFF794BFAB
:103F6000704700BFAFF30080FFFFFFFFFFFFEF7F51
:103F70002DE9F04F2DED068BADF5137D9B460F46D9
:103F8000B94BA299A39E53F82190019012F1140FFE
:103F9000A8BFD31E0BF1FF3AB8BF00236FF017057F
:103FA0009FEDAB6BA4BF182093FBF0F303FB05550B
:103FB000A3EB0A04154409EB0A0C1AA806EB840EBD
:103FC000002262450EDD1AAA02EBCB020DF5D47871
:103FD00000244C4523DC9FED9E7BDDF804E09446F5
:103FE000002015E0D44209D45EF8221007EE901AA2
:103FF000B8EEE77BA0EC027B0132E2E7B0EE467B55
:10400000F8E7BEEC025B3CED026B0130A5EE067BEF
:104010005045F6DDA8EC027B01340832D9E706AA48
:104020009FED8D9B9FED8EAB02EB890206EB830328
:10403000039202934C46E300049392AB03EBC40358
:1040400013ED280B6AAA06AB02EBC4021E462046FB
:1040500000284ADC2846059300F0FEF9B0EE408BBC
:10406000B4EE000B28EE000B00F072FAB2EE007B0B
:10407000A0EE478BFDEEC87B002D17EE908A059BC6
:10408000B8EEE77B38EE478B41DD601E06AAC5F12E
:10409000180C52F8206046FA0CF2904402FA0CF226
:1040A000B61A06AA42F82060C5F117021641002E82
:1040B0003CDD4FF0000C08F1010860466FF07F4EC8
:1040C000644566DC002D03DD012D72D0022D7AD00F
:1040D000022E2BD1B7EE000B30EE488B30B32846C2
:1040E00000F0BAF938EE408B20E020EE097BBDEEFF
:1040F000C77B0138B8EEC77BA7EE4A0BBDEEC00BFD
:10410000A6EC010A32ED020B37EE000BA0E705D159
:10411000621E06A951F82260F615C8E7B6EE007BCC
:10412000B4EEC78BF1EE10FA31DA0026B5EE408B13
:10413000F1EE10FA40F09C80621E00204A4549DAF8
:10414000002862D0013C06AB183D53F82430002B08
:10415000F8D0B7EE000B284600F07EF99FED3E6BDD
:10416000621C6AA9D30001EBC2012246002A80F238
:10417000A9802246002AC0F2C7806AA901EBC205C5
:104180009FED337BDFF8E4C00020A11AB1E00226E6
:104190008FE753F8042B48B922B1C2F1807243F87B
:1041A000042C01220CF1010C104689E7AEEB02024F
:1041B000F5E7621E06AB53F82230C3F3160306A9D7
:1041C00041F8223084E7621E06AB53F82230C3F375
:1041D0001503F4E706AB53F82230013A1843ADE774
:1041E000013352F8040D0028FAD0049A02F5127235
:1041F0006A4404EB0B001AA9661C983A01EBC00054
:104200002344B34204DA1C4615E7039A0123E8E786
:104210000299DDF804C051F82610049107EE901AB7
:10422000B8EEE77B0024A0EC027B9FED097B86467D
:10423000544503DDA2EC027B0136E2E7BCEC025BF5
:104240003EED026B0134A5EE067BF1E7AFF3008093
:104250000000000000000000000000000000703EB0
:104260000000000000007041406B0108006B010875
:104270006842B0EE480B00F0EFF89FED716BB4EEC2
:10428000C60BF1EE10FA17DB9FED6F7B20EE077B7C
:10429000BDEEC77B06AAB8EEC75BA5EE460BBDEE2A
:1042A000C00B183510EE103A42F8243017EE103AD1
:1042B000013442F824304CE7BDEEC00B06AA10EEE4
:1042C000103AF6E706A850F82200019007EE900A8F
:1042D000013AB8EEE77B27EE007B20EE060B21EDDE
:1042E000027B43E7BCEC025BB5EC026B0130A5EE50
:1042F000067B484501DC8842F4DD42A800EBC101A1
:1043000081ED007B013A35E7A29A022A0ADC002AF5
:1043100029DC42D008F007000DF5137DBDEC068BBB
:10432000BDE8F08FA29A032AF4D142A9A3F10802B2
:104330000A4411462046002850DC214601295DDC54
:104340009FED437B42AA1344012C67DC9DED425B49
:104350009DED446B002E67D187ED005B87ED026B0E
:1043600087ED047BD6E79FED3A6B42AA13442246C1
:10437000002A24DA4EB3B1EE467B87ED007B9DED3B
:10438000427B44AA012337EE467B9C4220DA0EB1E1
:10439000B1EE477B87ED027BBCE79FED2D7B42AA08
:1043A0001344002C05DA0EB1B1EE477B87ED007B9C
:1043B000B0E733ED026B013C37EE067BF1E733EDFE
:1043C000027B013A36EE076BD2E7B0EE467BD4E7CC
:1043D000B2EC026B013337EE067BD6E731ED027BA0
:1043E00091ED025B013837EE056B37EE467B81EDD0
:1043F000006B37EE057B81ED027B9CE732ED027BA3
:1044000092ED025B013937EE056B37EE467B82EDAC
:10441000006B37EE057B82ED027B8FE733ED026B9D
:10442000013C37EE067B8FE7B1EE455BB1EE466BA4
:1044300087ED005BB1EE477B87ED026B90E700BF35
:104440000000000000007041000000000000703E0D
:10445000000000000000000010EE901AC1F30A53A3
:104460008BB910EE103A21F0004119430AD09FEDAC
:104470002A7B354B20EE070B98420BDA9FED287B09
:1044800020EE070B704740F2FF72934207D130EEE7
:10449000000B704710EE901AC1F30A53363B4CF2F2
:1044A000503290420DDD9FED207B10EE903AB0EE41
:1044B000476B9FED1F5B002B27FE057B27EE060B4E
:1044C0007047184440F2FE739842ECDC002808DD87
:1044D00053EC102B6FF31E5141EA005343EC102BA9
:1044E000704710F1350F09DA9FED0D7B10EE903A11
:1044F000B0EE476B9FED105B002BDDE753EC102B0C
:1045000036306FF31E5141EA00539FED0D7B43ECB3
:10451000102BB5E7AFF3008000000000000050430F
:1045200059F3F8C21F6EA5019C7500883CE4377EE4
:104530009C7500883CE437FE59F3F8C21F6EA581D4
:10454000000000000000903CB03CFFFF00000000B5
:1045500010EE903AC3F30A5010EE102AA0F2FF3189
:10456000132930B5154633DC002918DA9FED307B6E
:1045700030EE070BB5EEC00BF1EE10FA0ADD002BA2
:1045800050DA23F000431343002293422A4B08BF22
:104590004FF000431946104641EC100B1FE027482E
:1045A000084103EA0004144319D09FED217B30EE4B
:1045B000070BB5EEC00BF1EE10FAEBDD002BBEBF22
:1045C0004FF480120A419B1823EA00030022E1E71E
:1045D000332905DDB1F5806F01D130EE000B30BD20
:1045E000A0F213444FF0FF30E0401042F7D09FEDAF
:1045F000107B30EE070BB5EEC00BF1EE10FAC9DD03
:10460000002B02DA142903D1013322EA0002C1E7A8
:104610000124C1F1340104FA01F10A44AA4238BF6D
:104620001B19F2E700221346B4E700BFAFF3008086
:104630009C7500883CE4377E0000F0BFFFFF0F0050
:10464000F8B500BFF8BC08BC9E467047F8B500BF7F
:08465000F8BC08BC9E4670474F
:1046580064656661756C745461736B004552524FA2
:10466800523A2043414E2074696D656F75743A253E
:10467800640A00004552524F523A206A6F696E74BC
:104688005F6964206973206F7574206F662072619A
:104698006E6765004552524F523A2076656C6F63DB
:1046A800697479206973206E65676174697665003D
:1046B80069643A25642063757272656E743A25667A
:1046C8002C207461726765743A25662C2072656CBB
:1046D8003A2566206469723A25640A006A6F696E31
:1046E80074202564206C696D69742073776974631C
:1046F8006820616C72656164792068617070656EAC
:10470800640A0000726F626F7420616E676C6520C6
:104718006D6170206661696C65642C206A6F696ED2
:10472800745F69643A25642063757272656E745F9C
:10473800616E676C653A252E32660A005B25645DFA
:104748002063757272656E743A252E32662C207459
:1047580061726765743A252E32662C206469723A54
:1047680025640A0A00000000726F626F7420746981
:104778006D652066756E63206973206E756C6C0AB2
:1047880000000000726F626F742074696D652066A6
:10479800756E63206661696C65640A00726F626F8A
:1047A80074206D616C6C6F63206661696C65640A66
:1047B80000000000726F626F74206B696E656D6136
:1047C8007469637320696E766572736520666169C2
:1047D8006C65640A000000005B25645D203C252EA2
:1047E800326620252E326620252E32663E200000B5
:1047F800726573756C743A2000000000252E3266CD
:10480800200000000A000000726F626F742070615F
:10481800746820696E746572706F6C6174696F6E0C
:10482800206661696C65640A000000005B6A706953
:104838006E742025645D206176655F6572726F72A3
:104848003A252E32660A00000A726F626F74207071
:1048580069642072756E2066696E69736865642183
:10486800210A0000726F626F7420636F6E74726F3A
:104878006C207461736B2072756E696E67212121DB
:104888000A0000005B6A6F696E745F69643A2025EC
:10489800645D20524F424F545F4A4F494E545F5215
:1048A800454C5F524F544154452025660A0000008C
:1048B8005B6A6F696E745F69643A2025645D205293
:1048C8004F424F545F4A4F494E545F4142535F52E3
:1048D8004F544154452025660A0000005B6A6F6901
:1048E8006E745F69643A2025645D20524F424F54CC
:1048F8005F4C494D49545F5357495443485F4556A7
:10490800454E540A00000000524F424F545F415533
:10491800544F5F4556454E540A000000524F424FCF
:10492800545F54494D49455F46554E435F4556458A
:104938004E540A00524F424F545F484152445F520E
:10494800455345545F4556454E540A00524F424F11
:10495800545F534F46545F52455345545F4556453F
:104968004E540A00524F424F545F52455345545FCC
:104978004556454E540A0000524F424F545F524527
:104988004D4F54455F434F4E54524F4C5F4556452B
:104998004E540A00524F424F545F4A4F494E5453A7
:1049A8005F53594E435F4556454E540A0000000078
:1049B800726F626F74206576656E742074797065A5
:1049C800206572726F720A007761697420726F6273
:1049D8006F742072657365742E2E2E2E0A000000E7
:1049E800726F626F7420696E746F2072656D6F7478
:1049F80065206D6F6465212121210A000A726F62AA
:104A08006F742072656D6F74652064697361626C80
:104A18006521210A000000006372656174652072D7
:104A28006F626F74206576656E7420717565756543
:104A3800206661696C65640A000000006372656144
:104A4800746520726F626F7420636D642071756580
:104A58007565206661696C65640A0000726F626F33
:104A6800745F636F6E74726F6C5F7461736B000058
:104A780063726561746520726F626F7420636F6E14
:104A880074726F6C207461736B206661696C656405
:104A98000A000000726F626F745F636D645F736514
:104AA80072766963650000006372656174652072DF
:104AB8006F626F7420636D642073657276696365D5
:104AC800207461736B206661696C65640A0000007C
:104AD8006A6F696E74206C696D6974207377697484
:104AE80063682068617070656E65642C206A6F6900
:104AF8006E742069643A2025640A00006A6F696E42
:104B080074202575207570646174652063757272F0
:104B1800656E7420616E676C652074696D656F756C
:104B2800742E0A006A6F696E742025752073746F7D
:104B3800702074696D656F75742E0A00726F626FEC
:104B480074206D71747420636D643A2025730A00B3
:104B58002B4D515454535542524543563A302C220A
:104B680061726D2F6368616E6765222C25642C5B0A
:104B78004D43555D5B25645D5B25662025662025D4
:104B8800662025662025662025665D00726F626FA7
:104B980074207265736574207A65726F2E0A00003E
:104BA80072656D6F74655F6576656E7400000000F0
:104BB80072656D6F74655F656E61626C650000009B
:104BC80072656D6F74655F64697361626C6500001E
:104BD80072656C5F726F7461746500006175746FE3
:104BE80000000000686172645F726573657400009C
:104BF800736F66745F726573657400007A65726FAF
:104C080000000000253139732025662025662025FF
:104C18006620256620256620256600006576656E77
:104C2800745F747970652070617273652065727243
:104C38006F723A2025730A005B4552524F525D202D
:104C48005B6A69643A25645D206576656E745F7495
:104C58007970653A257320706172616D3A252E323C
:104C68006620252E326620252E32660A00000000B6
:104C78007561727420636D6420706172736520655C
:104C880072726F723A2025730A000000726573759C
:104C98006C745B25645D3A2000000000252E3266A6
:104CA800200000002076616C69643A25640A0000DF
:104CB800726F626F74206B696E656D61746963737E
:104CC800206A6F696E7420696420697320696E7642
:104CD800616C69640A0000007461726765743A5B0C
:104CE80025662025662025665D0A0000726F626FC2
:104CF80074206B696E656D61746963732072657386
:104D0800756C7428726164293A0A0000726F626FC8
:104D180074206B696E656D61746963732072657365
:104D2800756C7428646567293A0A0000726F626FAF
:104D380074206F7074696D616C20726573756C7422
:104D480028726164293A0A000A0000000000000085
:104D5800000000000000000000000000000000004B
:104D68000100000002000000030000000400000031
:104D78000000000005000000000000000000000026
:104D88000000000006000000000000000000000015
:104D9800000000000700000049444C4500000000E6
:104DA800546D722053766300546D725100000000F8
:104DB800354F0108384F01083B4F01085846010894
:104DC80000000000000000000000000000000000DB
:104DD80000020000180000000000000000000000B1
:104DE800000000000000000000000000DB0FC93FC9
:104DF80000000000DB0FC93F00000000DB0FC93FC7
:104E080000004843DB0F494000000000DB0FC9BF2A
:104E18001F853E42DB0FC9BF008038C30000000079
:104E280000000000DB0FC93F00000000DB0FC93F96
:104E380000000000DB0FC93F000000000000000078
:104E480000000000000080BF00000000000000001B
:104E58000000000000000000000080BF1F853EC267
:104E68000000803F000000000000000000007841C2
:104E78000000000000000000000000000000803F6B
:104E88000000A04000004040000040400000803F7B
:104E98000000803F0000803F000000000102030482
:104EA800010203040607080900061016000610167A
:104EB8000001020304050607080C101418203040EE
:104EC800010002000400060008000A000C0010009F
:104ED80020004000800000010101010307010000DB
:104EE8000804020408010101232D302B2000686CFE
:104EF8004C006566674546470030313233343536F5
:104F0800373839414243444546003031323334352D
:104F18003637383961626364656600412D46612D14
:104F280066383930313233343536375D002B2D0051
:104F38003030007858000020202020202020202019
:104F48002828282828202020202020202020202031
:104F58002020202020202088101010101010101061
:104F680010101010101010040404040404040404A5
:104F7800041010101010101041414141414101012D
:104F88000101010101010101010101010101010109
:104F98000101101010101010424242424242020217
:104FA80002020202020202020202020202020202D9
:104FB8000202101010102000000000000000000085
:104FC80000000000000000000000000000000000D9
:104FD80000000000000000000000000000000000C9
:104FE80000000000000000000000000000000000B9
:104FF80000000000000000000000000000000000A9
:105008000000000000000000000000000000000098
:105018000000000000000000000000000000000088
:105028000000000000000000000000000000000078
:105038000000000000000000E2652F227F2B7A3C70
:10504800075C143326A6813CBDCBF07A8807703CF8
:10505800075C143326A6913C4FBB610567ACDD3F66
:10506800182D4454FB21E93F9BF681D20B73EF3F87
:10507800182D4454FB21F93F0038FAFE422EE63F32
:105088003067C79357F32E3D000000000000E0BFD3
:10509800605555555555E5BF060000000000E03F36
:1050A8004E5559999999E93F7AA429555555E5BF1F
:1050B800E945489B5B49F2BFC33F268B2B00F03F75
:1050C8000000000000A0F63F000000000000000003
:1050D80000C8B9F2822CD6BF8056372824B4FA3CCF
:1050E800000000000080F63F000000000000000003
:1050F800000858BFBDD1D5BF20F7E0D808A51CBD12
:10510800000000000060F63F000000000000000002
:10511800005845177776D5BF6D50B6D5A46223BD24
:10512800000000000040F63F000000000000000002
:1051380000F82D87AD1AD5BFD567B09EE484E6BCCC
:10514800000000000020F63F000000000000000002
:10515800007877955FBED4BFE03E2993691B04BDF4
:10516800000000000000F63F000000000000000002
:1051780000601CC28B61D4BFCC844C482FD8133D2F
:105188000000000000E0F53F000000000000000003
:1051980000A886863004D4BF3A0B82EDF342DC3C8B
:1051A8000000000000C0F53F000000000000000003
:1051B800004869554CA6D3BF60945186C6B1203DBE
:1051C8000000000000A0F53F000000000000000003
:1051D8000080989ADD47D3BF9280C5D44D59253DAC
:1051E800000000000080F53F000000000000000003
:1051F8000020E1BAE2E8D2BFD82BB7991E7B263D42
:10520800000000000060F53F000000000000000002
:105218000088DE135A89D2BF3FB0CFB614CA153DF5
:10522800000000000060F53F0000000000000000E2
:105238000088DE135A89D2BF3FB0CFB614CA153DD5
:10524800000000000040F53F0000000000000000E2
:105258000078CFFB4129D2BF76DA5328245A16BDED
:10526800000000000020F53F0000000000000000E2
:10527800009869C198C8D1BF0454E768BCAF1FBD86
:10528800000000000000F53F0000000000000000E2
:1052980000A8ABAB5C67D1BFF0A88233C61F1F3D27
:1052A8000000000000E0F43F0000000000000000E3
:1052B8000048AEF98B05D1BF665A05FDC4A826BDC6
:1052C8000000000000C0F43F0000000000000000E3
:1052D800009073E224A3D0BF0E03F47EEE6B0CBDE6
:1052E8000000000000A0F43F0000000000000000E3
:1052F80000D0B4942540D0BF7F2DF49EB836F0BCC2
:105308000000000000A0F43F0000000000000000C2
:1053180000D0B4942540D0BF7F2DF49EB836F0BCA1
:10532800000000000080F43F0000000000000000C2
:1053380000405E6D18B9CFBF873C99AB2A570D3D29
:10534800000000000060F43F0000000000000000C2
:105358000060DCCBADF0CEBF24AF869CB7262B3DDA
:10536800000000000040F43F0000000000000000C2
:1053780000F02A6E0727CEBF10FF3F544F2F17BDEE
:10538800000000000020F43F0000000000000000C2
:1053980000C04F6B215CCDBF1B68CABB91BA213DD1
:1053A800000000000000F43F0000000000000000C2
:1053B80000A09AC7F78FCCBF34849F684F79273DE8
:1053C800000000000000F43F0000000000000000A2
:1053D80000A09AC7F78FCCBF34849F684F79273DC8
:1053E8000000000000E0F33F0000000000000000A3
:1053F80000902D7486C2CBBF8FB78B31B04E193D4C
:105408000000000000C0F33F0000000000000000A2
:1054180000C0804EC9F3CABF6690CD3F634EBA3C08
:105428000000000000A0F33F0000000000000000A2
:1054380000B0E21FBC23CABFEAC146DC648C25BDAC
:105448000000000000A0F33F000000000000000082
:1054580000B0E21FBC23CABFEAC146DC648C25BD8C
:10546800000000000080F33F000000000000000082
:105478000050F49C5A52C9BFE3D4C104D9D12ABD03
:10548800000000000060F33F000000000000000082
:1054980000D02065A07FC8BF09FADB7FBFBD2B3DC8
:1054A800000000000040F33F000000000000000082
:1054B80000E0100289ABC7BF584A537290DB2B3DFE
:1054C800000000000040F33F000000000000000062
:1054D80000E0100289ABC7BF584A537290DB2B3DDE
:1054E800000000000020F33F000000000000000062
:1054F80000D019E70FD6C6BF66E2B2A36AE410BDB2
:10550800000000000000F33F000000000000000061
:105518000090A77030FFC5BF3950109F439E1EBD35
:10552800000000000000F33F000000000000000041
:105538000090A77030FFC5BF3950109F439E1EBD15
:105548000000000000E0F23F000000000000000042
:1055580000B0A1E3E526C5BF8F5B07908BDE20BDB9
:105568000000000000C0F23F000000000000000042
:105578000080CB6C2B4DC4BF3C783561C10C173D06
:105588000000000000C0F23F000000000000000022
:105598000080CB6C2B4DC4BF3C783561C10C173DE6
:1055A8000000000000A0F23F000000000000000022
:1055B80000901E20FC71C3BF3A54274D8678F13CF9
:1055C800000000000080F23F000000000000000022
:1055D80000F01FF85295C2BF08C47117308D24BD62
:1055E800000000000060F23F000000000000000022
:1055F80000602FD52AB7C1BF96A31118A4802EBD6D
:10560800000000000060F23F000000000000000001
:1056180000602FD52AB7C1BF96A31118A4802EBD4C
:10562800000000000040F23F000000000000000001
:105638000090D07C7ED7C0BFF45BE88896690A3DAD
:10564800000000000040F23F0000000000000000E1
:105658000090D07C7ED7C0BFF45BE88896690A3D8D
:10566800000000000020F23F0000000000000000E1
:1056780000E0DB3191ECBFBFF233A35C547525BD6C
:10568800000000000000F23F0000000000000000E1
:1056980000002B6E0727BEBF3C00F02A2C342A3DA1
:1056A800000000000000F23F0000000000000000C1
:1056B80000002B6E0727BEBF3C00F02A2C342A3D81
:1056C8000000000000E0F13F0000000000000000C2
:1056D80000C05B8F545EBCBF06BE5F58570C1DBD33
:1056E8000000000000C0F13F0000000000000000C2
:1056F80000E04A3A6D92BABFC8AA5BE83539253D41
:105708000000000000C0F13F0000000000000000A1
:1057180000E04A3A6D92BABFC8AA5BE83539253D20
:105728000000000000A0F13F0000000000000000A1
:1057380000A031D645C3B8BF68562F4D297C133D0C
:105748000000000000A0F13F000000000000000081
:1057580000A031D645C3B8BF68562F4D297C133DEC
:10576800000000000080F13F000000000000000081
:105778000060E58AD2F0B6BFDA7333C9379726BD21
:10578800000000000060F13F000000000000000081
:105798000020063F071BB5BF575EC6615B021F3D71
:1057A800000000000060F13F000000000000000061
:1057B8000020063F071BB5BF575EC6615B021F3D51
:1057C800000000000040F13F000000000000000061
:1057D80000E01B96D741B3BFDF13F9CCDA5E2C3D4E
:1057E800000000000040F13F000000000000000041
:1057F80000E01B96D741B3BFDF13F9CCDA5E2C3D2E
:10580800000000000020F13F000000000000000040
:105818000080A3EE3665B1BF09A38F765E7C143D88
:10582800000000000000F13F000000000000000040
:10583800008011C0300AAFBF918E36839E592D3D2E
:10584800000000000000F13F000000000000000020
:10585800008011C0300AAFBF918E36839E592D3D0E
:105868000000000000E0F03F000000000000000021
:1058780000801971DD42ABBF4C70D6E57A821C3DC1
:105888000000000000E0F03F000000000000000001
:1058980000801971DD42ABBF4C70D6E57A821C3DA1
:1058A8000000000000C0F03F000000000000000001
:1058B80000C032F65874A7BFEEA1F23446FC2CBDE6
:1058C8000000000000C0F03F0000000000000000E1
:1058D80000C032F65874A7BFEEA1F23446FC2CBDC6
:1058E8000000000000A0F03F0000000000000000E1
:1058F80000C0FEB9879EA3BFAAFE26F5B702F53CF5
:105908000000000000A0F03F0000000000000000C0
:1059180000C0FEB9879EA3BFAAFE26F5B702F53CD4
:10592800000000000080F03F0000000000000000C0
:105938000000780E9B829FBFE4097E7C268029BDEB
:10594800000000000080F03F0000000000000000A0
:105958000000780E9B829FBFE4097E7C268029BDCB
:10596800000000000060F03F0000000000000000A0
:105978000080D5071BB997BF39A6FA93548D28BD67
:10598800000000000040F03F0000000000000000A0
:105998000000FCB0A8C08FBF9CA6D3F67C1EDFBC5D
:1059A800000000000040F03F000000000000000080
:1059B8000000FCB0A8C08FBF9CA6D3F67C1EDFBC3D
:1059C800000000000020F03F000000000000000080
:1059D8000000106B2AE07FBFE440DA0D3FE219BDFA
:1059E800000000000020F03F000000000000000060
:1059F8000000106B2AE07FBFE440DA0D3FE219BDDA
:105A0800000000000000F03F00000000000000005F
:105A1800000000000000000000000000000000007E
:105A2800000000000000F03F00000000000000003F
:105A3800000000000000000000000000000000005E
:105A48000000000000C0EF3F000000000000000060
:105A5800000089751510803FE82B9D996BC710BD14
:105A6800000000000080EF3F000000000000000080
:105A7800008093585620903FD2F7E2065BDC23BDA6
:105A8800000000000040EF3F0000000000000000A0
:105A98000000C9282549983F340C5A32BAA02ABDBB
:105AA800000000000000EF3F0000000000000000C0
:105AB8000040E7895D41A03F53D7F15CC011013D2B
:105AC8000000000000C0EE3F0000000000000000E1
:105AD80000002ED4AE66A43F28FDBD7573162CBDFC
:105AE800000000000080EE3F000000000000000001
:105AF80000C09F14AA94A83F7D265AD0957919BD55
:105B0800000000000040EE3F000000000000000020
:105B180000C0DDCD73CBAC3F0728D847F2681ABD6B
:105B2800000000000020EE3F000000000000000020
:105B380000C006C031EAAE3F7B3BC94F3E110EBDE7
:105B48000000000000E0ED3F000000000000000041
:105B5800006046D13B97B13F9B9E0D565D3225BDF7
:105B68000000000000A0ED3F000000000000000061
:105B780000E0D1A7F5BDB33FD74EDBA55EC82C3DED
:105B8800000000000060ED3F000000000000000081
:105B980000A0974D5AE9B53F1E1D5D3C06692CBD16
:105BA800000000000040ED3F000000000000000081
:105BB80000C0EA0AD300B73F32ED9DA98D1EEC3C28
:105BC800000000000000ED3F0000000000000000A1
:105BD8000040595D5E33B93FDA47BD3A5C11233D59
:105BE8000000000000C0EC3F0000000000000000C2
:105BF8000060AD8DC86ABB3FE568F72B809013BD88
:105C08000000000000A0EC3F0000000000000000C1
:105C18000040BC015888BC3FD3AC5AC6D146263D8B
:105C2800000000000060EC3F0000000000000000E1
:105C380000200A8339C7BE3FE045E6AF68C02DBDE6
:105C4800000000000040EC3F0000000000000000E1
:105C580000E0DB3991E8BF3FFD0AA14FD63425BDEE
:105C6800000000000000EC3F000000000000000001
:105C780000E027828E17C13FF2072DCE78EF213D35
:105C88000000000000E0EB3F000000000000000002
:105C980000F0237E2BAAC13F349938448EA72C3DAF
:105CA8000000000000A0EB3F000000000000000022
:105CB8000080860C61D1C23FA1B481CB6C9D033DAD
:105CC800000000000080EB3F000000000000000022
:105CD800009015B0FC65C33F89724B23A82FC63CC2
:105CE800000000000040EB3F000000000000000042
:105CF80000B033833D91C43F78B6FD547983253D88
:105D0800000000000020EB3F000000000000000041
:105D180000B0A1E4E527C53FC77D69E5E833263D26
:105D28000000000000E0EA3F000000000000000062
:105D380000108CBE4E57C63F782E3C2C8BCF193D99
:105D48000000000000C0EA3F000000000000000062
:105D58000070758B12F0C63FE1219CE58D1125BDC1
:105D68000000000000A0EA3F000000000000000062
:105D7800005044858D89C73F0543917010661CBD4E
:105D8800000000000060EA3F000000000000000082
:105D9800000039EBAFBEC83FD12CE9AA543D07BD7E
:105DA800000000000040EA3F000000000000000082
:105DB8000000F7DC5A5AC93F6FFFA05828F2073D88
:105DC800000000000000EA3F0000000000000000A2
:105DD80000E08A3CED93CA3F69215650437228BDC2
:105DE8000000000000E0E93F0000000000000000A3
:105DF80000D05B57D831CB3FAAE1AC4E8D350CBDF6
:105E08000000000000C0E93F0000000000000000A2
:105E180000E03B3887D0CB3FB6125459C44B2DBD58
:105E28000000000000A0E93F0000000000000000A2
:105E38000010F0C6FB6FCC3FD22B96C572ECF1BCBC
:105E4800000000000060E93F0000000000000000C2
:105E58000090D4B03DB1CD3F35B015F72AFF2ABD2B
:105E6800000000000040E93F0000000000000000C2
:105E78000010E7FF0E53CE3F30F441602712C23CBA
:105E8800000000000020E93F0000000000000000C2
:105E98000000DDE4ADF5CE3F118EBB651521CABC0F
:105EA800000000000000E93F0000000000000000C2
:105EB80000B0B36C1C99CF3F30DF0CCAECCB1B3D54
:105EC8000000000000C0E83F0000000000000000E3
:105ED80000584D603871D03F914EED16DB9CF83C70
:105EE8000000000000A0E83F0000000000000000E3
:105EF800006061672DC4D03FE9EA3C168B18273D46
:105F0800000000000080E83F0000000000000000E2
:105F180000E827828E17D13F1CF0A5630E212CBD07
:105F2800000000000060E83F0000000000000000E2
:105F380000F8ACCB5C6BD13F8116A5F7CD9A2B3D11
:105F4800000000000040E83F0000000000000000E2
:105F580000685A6399BFD13FB7BD4751EDA62C3DA4
:105F6800000000000020E83F0000000000000000E2
:105F780000B80E6D4514D23FEABA46BADE870A3D2C
:105F88000000000000E0E73F000000000000000003
:105F98000090DC7CF0BED23FF404504AFA9C2A3DC3
:105FA8000000000000C0E73F000000000000000003
:105FB8000060D3E1F114D33FB83C21D37AE228BD85
:105FC8000000000000A0E73F000000000000000003
:105FD8000010BE76676BD33FC877F1B0CD6E113D28
:105FE800000000000080E73F000000000000000003
:105FF8000030337752C2D33F5CBD06B6543B183DE0
:10600800000000000060E73F000000000000000002
:1060180000E8D523B419D43F9DE090EC36E4083D60
:10602800000000000040E73F000000000000000002
:1060380000C871C28D71D43F75D66709CE272FBDB0
:10604800000000000020E73F000000000000000002
:106058000030179EE0C9D43FA4D80A1B89202EBD62
:10606800000000000000E73F000000000000000002
:1060780000A03807AE22D53F59C7648170BE2E3DB7
:106088000000000000E0E63F000000000000000003
:1060980000D0C853F77BD53FEF405DEEEDAD1F3D17
:1060A8000000000000C0E63F000000000000000003
:1060B800006059DFBDD5D53FDC65A4082A0B0ABDB1
:1060C8000000000000000080182D4454FB21094006
:1060D800182D4454FB2109C0182D4454FB21E9BF55
:1060E800D221337F7CD90240D221337F7CD902C0B0
:1060F8000000000000000000000000000000008018
:10610800FB21F93FFB2109407CD91240FB211940B2
:106118007A6A1F407CD92240BBFD2540FB212940DB
:106128003A462C407A6A2F405C4731407CD932404D
:106138009C6B3440BBFD3540DB8F3740FB21394039
:106148001BB43A403A463C405AD83D407A6A3F40F0
:106158004C7E40405C4741406C1042407CD94240F4
:106168008CA243409C6B4440AC344540BBFD454049
:10617800CBC64640DB8F4740EB584840FB2149409F
:1061880083F9A200444E6E00FC291500D157270060
:10619800DD34F50062DBC0003C9995004190430076
:1061A8006351FE00BBDEAB00B761C5003A6E240048
:1061B800D24D42004906E00009EA2E001C92D100A7
:1061C800EB1DFE0029B11C00E83EA700F535820052
:1061D80044BB2E009CE98400B4267000417E5F0019
:1061E800D6913900538339009CF439008B5F8400C1
:1061F80028F9BD00F81F3B00DEFF97000F98050047
:10620800112FEF000A5A8B006D1F6D00CF7E3600EC
:1062180009CB2700464FB7009E663F002DEA5F0076
:10622800BA277500E5EBC7003D7BF100F739070099
:1062380092528A00FB6BEA001FB15F00085D8D0077
:10624800300356007BFC4600F0AB6B0020BCCF004F
:1062580036F49A00E3A91D005E619100081BE60070
:1062680085996500A0145F008D40680080D8FF0004
:1062780027734D0006063100CA561500C9A87300D9
:106288007BE260006B8CC000FE822B65471567407F
:1062980000000000000038430000FAFE422E76BFDE
:1062A8003A3B9EBC9AF70CBDBDFDFFFFFFFFDF3FE9
:1062B8003C5455555555C53F912B17CF5555A53FBE
:1062C80017D0A4671111813F000000000000C842E8
:1062D800EF39FAFE422EE63F24C482FFBDBFCE3F0F
:1062E800B5F40CD7086BAC3FCC5046D2ABB2833F69
:1062F800843A4E9BE0D7553F0000000000000000A4
:10630800000000000000F03F6EBF881A4F3B9B3C26
:106318003533FBA93DF6EF3F5DDCD89C136071BCBB
:106328006180773E9AECEF3FD16687107A5E90BC29
:10633800857F6EE815E3EF3F13F6673552D28C3C44
:10634800748515D3B0D9EF3FFA8EF92380CE8BBC74
:10635800DEF6DD296BD0EF3F61C8E6614EF7603CA1
:10636800C89B751845C7EF3F99D3335BE4A3903CAE
:1063780083F3C6CA3EBEEF3F6D7B835DA69A973C0A
:106388000F89F96C58B5EF3FFCEFFD921AB58E3CBA
:10639800F747722B92ACEF3FD19C2F703DBE3E3C2D
:1063A800A2D1D332ECA3EF3F0B6E908934036ABCC1
:1063B8001BD3FEAF669BEF3F0EBD2F2A525695BCEE
:1063C800515B12D00193EF3F55EA4E8CEF8050BCE1
:1063D800CC316CC0BD8AEF3F16F4D5B923C991BC46
:1063E800E02DA9AE9A82EF3FAF555CE9E3D3803C3C
:1063F800518EA5C8987AEF3F4893A5EA151B80BC33
:106408007B517D3CB872EF3F3D32DE55F01F8FBCAB
:10641800EA8D8C38F96AEF3FBF53133F8C898B3C68
:1064280075CB6FEB5B63EF3F26EB11769CD996BC7F
:10643800D45C0484E05BEF3F602F3A3EF7EC9A3C73
:10644800AAB968318754EF3F9D3886CB82E78FBC65
:106458001DD9FC22504DEF3F8DC3A644416F8A3CA5
:10646800D68C62883B46EF3F7D04E4B0057A803CD9
:1064780096DC7D91493FEF3F94A8A8E3FD8E963CBA
:106488003862756E7A38EF3F7D4874F2185E873C43
:106498003FA6B24FCE31EF3FF2E71F982B47803C23
:1064A800DD7CE265452BEF3F5E08713F7BB896BC0B
:1064B8008163F5E1DF24EF3F31AB096DE1F7823C01
:1064C800E1DE1FF59D1EEF3FFABF6F1A9B213DBC11
:1064D80090D9DAD07F18EF3FB40A0C7282378B3C20
:1064E8000B03E4A68512EF3F8FCBCE8992146E3C46
:1064F800562F3EA9AF0CEF3FB6ABB04D754D833C60
:1065080015B7310AFE06EF3F4C74ACE20142863CF7
:1065180031D84CFC7001EF3F4AF8D35D39DD8F3C30
:10652800FF1664B208FCEE3F045B8E3B80A386BC7A
:10653800F19F925FC5F6EE3F68504BCCED4A92BC96
:10654800CBA93A37A7F1EE3F8E2D511BF80799BC1E
:1065580066D8056DAEECEE3FD236943EE8D171BCFC
:10656800F79FE534DBE7EE3F151BCEB3191999BC4D
:10657800E5A813C32DE3EE3F6D4C2AA7489F853C41
:106588002234124CA6DEEE3F8A69287A601293BC48
:106598001C80AC0445DAEE3F5B8917488FA758BCCE
:1065A8002A2EF7210AD6EE3F1B9A49679B2C7CBC02
:1065B80097A850D9F5D1EE3F11ACC260ED63433CCA
:1065C8002D89616008CEEE3FEF64063B0966963C74
:1065D80057001DED41CAEE3F7903A1DAE1CC6E3CCC
:1065E800D03CC1B5A2C6EE3F30120F3F8EFF933CA0
:1065F800DED3D7F02AC3EE3FB0AF7ABBCE90763C5D
:10660800272A36D5DABFEE3F77E054EBBD1D933C21
:106618000DDDFD99B2BCEE3F8EA3710034948FBCA2
:10662800A72C9D76B2B9EE3F49A393DCCCDE87BC9C
:106638004266CFA2DAB6EE3F5F380FBDC6DE78BC41
:10664800824F9D562BB4EE3FF65C7BEC461286BC1F
:106658000F925DCAA4B1EE3F8ED7FD180535933C65
:10666800DA27B53647AFEE3F059B8A2FB7987B3CB4
:10667800FDC797D412ADEE3F09541CE2E163903C8C
:10668800295448DD07ABEE3FEAC6195085C7343CAC
:10669800B746598A26A9EE3F35C0642BE632943CAA
:1066A8004821AD156FA7EE3F9F7699614AE48CBCEF
:1066B80009DC76B9E1A5EE3FA84DEF3BC5338CBCAC
:1066C80085553AB07EA4EE3FAEE92B89785384BC59
:1066D80020C3CC3446A3EE3F58585678DDCE93BC41
:1066E8002522558238A2EE3F64197E80AA10573CB5
:1066F80073A94CD455A1EE3F28225EBFEFB393BCDB
:10670800CD3B7F669EA0EE3F82B93487AD126ABC4E
:10671800BFDA0B7512A0EE3FEEA96DB8EF6763BC48
:106728002F1A653CB29FEE3F5188E0543DDC80BC97
:10673800849451F97D9FEE3FCF3E5A7E641F78BC0A
:10674800745FECE8759FEE3FB07D8BC04AEE86BC67
:106758007481A5489A9FEE3F8AE6551E321986BC79
:10676800C9674256EB9FEE3FD3D4095ECB9C903C61
:106778003F5DDE4F69A0EE3F1DA54DB9DC327BBC05
:106788008701EB7314A1EE3F6BC06754FDEC943C9A
:1067980032C13001EDA1EE3F556CD6ABE1EB653C63
:1067A800624ECF36F3A2EE3F42CFB32FC5A188BCCD
:1067B800121A3E5427A4EE3F34373BF1B66993BC16
:1067C80013CE4C9989A5EE3F1EFF193A845E80BC12
:1067D800ADC723461AA7EE3F6E5772D850D494BC63
:1067E800ED92449BD9A8EE3F008A0E5B67AD903CC2
:1067F80099668AD9C7AAEE3FB4EAF0C12FB78D3C93
:10680800DBA02A42E5ACEE3FFFE7C59C60B665BC5D
:106818008C44B51632AFEE3F445FF35983F67B3CA8
:1068280036771599AEB1EE3F833D1EA71F0993BC7D
:10683800C6FF910B5BB4EE3F291E6C8BB8A95DBCFB
:10684800E5C5CDB037B7EE3F59B9907CF9236CBC9C
:106858000F52C8CB44BAEE3FAAF9F422434392BC84
:10686800504EDE9F82BDEE3F4B8E66D76CCA85BC0C
:10687800BA07CA70F1C0EE3F27CE912BFCAF713C2E
:1068880090F0A38291C4EE3FBB730AE135D26D3C10
:106898002323E31963C8EE3F6322622204C587BC41
:1068A80065E55D7B66CCEE3FD531E2E3861C8B3C2B
:1068B800332D4AEC9BD0EE3F15BBBCD3D1BB91BC6A
:1068C8005D253EB203D5EE3FD231EE9C31CC903CF3
:1068D80058B330139ED9EE3FB35A736E8469843C23
:1068E800BFFD79556BDEEE3FB49D8E97CDDF82BC40
:1068F8007AF3D3BF6BE3EE3F8733CB92771A8C3CA6
:10690800ADD35A999FE8EE3FFAD9D14A8F7B90BC14
:1069180066B68D2907EEEE3FBAAEDC56D9C355BC34
:10692800FB154FB8A2F3EE3F40F6A63D0EA490BC6F
:106938003A59E58D72F9EE3F3493AD38F4D668BC18
:10694800475EFBF276FFEE3F358A586BE2EE91BC6C
:106958004A06A130B005EF3FCDDD5F0AD7FF743C92
:10696800D2C14B901E0CEF3FAC9892FAFBBD91BC84
:10697800091ED75BC212EF3FB30CAF30AE6E733C4B
:106988009C5285DD9B19EF3F94FD9F5C32E38E3C62
:106998007AD0FF5FAB20EF3FAC5909D18FE0843C40
:1069A8004BD1572EF127EF3F671A4E38AFCD633CD6
:1069B800B5E706946D2FEF3F6819926C2C6B673C16
:1069C8006990EFDC2037EF3FD2B5CC83188A80BCC2
:1069D800FAC35D550B3FEF3F6FFAFF3F5DAD8FBCCC
:1069E8007C89074A2D47EF3F49A97538AE0D90BC01
:1069F800F2890D08874FEF3FA7073DA685A3743C92
:106A080087A4FBDC1858EF3F0F2240209E9182BCE0
:106A18009883C916E360EF3FAC92C1D5505A8E3CBB
:106A28008532DB03E669EF3F4B6B01AC593A843C96
:106A380060B401F32173EF3F1F3EB40721D582BC38
:106A48005F9B7B33977CEF3FC90D473BB92A89BCD5
:106A580029A1F5144686EF3FD3883A6004B6743C02
:106A6800F63F8BE72E90EF3F71729D51ECC5833C4A
:106A7800834CC7FB519AEF3FF091D38F12F78FBC2D
:106A8800DA90A4A2AFA4EF3F7D7423E298AE8DBC48
:106A9800F1678E2D48AFEF3F0820AA41BCC38E3C5A
:106AA800275A61EE1BBAEF3F32EBA9C3942B843C03
:106AB80097BA6B372BC5EF3FEE85D131A9648A3C75
:106AC80040456E5B76D0EF3FEDE33BE4BA378EBCD2
:106AD80014BE9CADFDDBEF3F9DCD914D3B89773CCE
:106AE800D8909E81C1E7EF3F89CC6041C105533CF6
:106AF800F1718F2BC2F3EF3F00000040FB21F93FFB
:106B0800000000002D44743E000000809846F83CC8
:106B18000000006051CC783B00000080831BF039F6
:106B28000000004020257A38000000802282E336E9
:106B3800000000001DF3693502000000030000009A
:086B480004000000060000003B
:086B5000C097FE7F0100000068
:046B5800F50200083A
:046B5C00D10200085A
:106B60000000B4420100000000004842000C02583E
:106B700001000000000000000000B443FF0000001E
:106B80000000000000000000000000000000B4420F
:106B9000000000005C8F4B42000C02580200000015
:106BA0000000B44200003443FF0000000000000079
:106BB00000000000000000000000B4C2000000005F
:106BC0005C8F4B42000C0258040000000000B4C26D
:106BD0000000B442FF0000000000000000000000C0
:106BE00000000000000000000000000000004C4217
:106BF000000C0258080000000000B4C20000B442BB
:106C0000FF00000000000000000000000000000085
:106C10000000B44201000000CDCCD641000C025867
:106C200010000000000000000000B442010000005D
:106C30000000000000000000000000000000000054
:106C40000000000000004C42000C02582000000030
:106C5000000000000000B443FF000000000000003E
:106C60000000000000000000A1300008A84B01084F
:106C700099330008B84B010885320008C84B010859
:106C8000B5320008D84B0108E1320008E44B010896
:106C900051330008EC4B010869330008F84B010838
:106CA00081330008044C010869340008000000002A
:106CB000000000000090D0030090D00310000000FE
:106CC00001000000AAAAAAAA6C010024000000008A
:106CD000B8510024205200248852002400000000F3
:106CE00000000000000000000000000000000000A4
:106CF0000000000000000000000000000000000094
:106D00000000000000000000000000000000000083
:086D100000000000000000007B
:0400000508005B3D57
:00000001FF
